Workbook

Sheet Read me
A1: Harbour Market — protein ratio (DEMO)
A2: FICTITIOUS DATA — demo file. Harbour Market, its brands and every figure are invented.
A4: What this file is | B4: An example of the workbook Altera AI delivers. It is built from an invented catalogue of 800 products and exists only to show the structure of a real deliverable.
A6: How to use it | B6: The yellow column 'Units sold (INPUT)' on the Products sheet is the only input. Change a volume and every figure on the Protein Tracker and WWF sheets recalculates.
A8: Protein Tracker | B8: Green Protein Alliance / ProVeg methodology. Tonnes of protein, split plant / animal. Level A: the split is measured. Level B: it follows the class or the 50/50 convention.
A10: WWF Planet-Based Diets | B10: Tonnes of product. Whole products by food group, composites by category. FG2 in dairy equivalents (hard and soft cheese x10). Appendix A exclusions apply.
A12: Scope | B12: Measured: 784 products sold over the year. Left out: 11 non-food items, 2 test items, 3 products without sales. WWF scope: alcohol, beverages other than dairy, coffee and tea, herbs and spices, condiments and stock excluded (Appendix A).
A14: Sources of each value | B14: Every protein value and every split carries its source in its own column.

Sheet Products
A1: FICTITIOUS DATA — demo file. Harbour Market, its brands and every figure are invented.
A2: Product ID | B2: Code | C2: Till label | D2: Product name | E2: Brand | F2: Department | G2: Family | H2: In scope | I2: PT class | J2: Data level | K2: Split source | L2: Protein g/100g | M2: Protein source | N2: Plant protein g/100g | O2: Animal protein g/100g | P2: WWF in scope | Q2: WWF structure | R2: Food group | S2: WWF sub-group | T2: WWF origin | U2: Composite category | V2: WWF exclusion | W2: Dairy factor | X2: Net weight kg | Y2: Weight source | Z2: Units sold (INPUT) | AA2: Mass kg | AB2: Protein kg | AC2: Plant protein kg | AD2: Animal protein kg | AE2: WWF tonnes | AF2: WWF tonnes, dairy eq.
A3: HM00001 | B3: 3012345357746 | C3: HM MILK CHOC BAR 4X40G | D3: Milk chocolate bar, 4x40g | E3: Harbour Market | F3: Breakfast & Snacks | G3: Chocolate | H3: yes | I3: Animal & plant composite | J3: A | K3: Ingredient list | L3: 7.7 | M3: Declared by the retailer | N3: 3.54 | O3: 4.16 | P3: yes | Q3: whole | R3: FG7 | T3: plant | W3: 1 | X3: 0.16 | Y3: declared | Z3: 7595 | AA3: =IF(H3="yes",Z3*X3,0) | AB3: =IF(H3="yes",AA3*N(L3)/100,0) | AC3: =IF(H3="yes",AA3*N(N3)/100,0) | AD3: =IF(H3="yes",AA3*N(O3)/100,0) | AE3: =IF(P3="yes",AA3/1000,0) | AF3: =IF(R3="FG2",AE3*W3,AE3)
A4: HM00002 | B4: 5012345864327 | C4: HM CHKN BREAST FLT 500G | D4: Chicken breast fillets, 500g | E4: Harbour Market | F4: Fresh Meat & Poultry | G4: Poultry | H4: yes | I4: Animal core | J4: B | K4: Follows the class | L4: 25 | M4: Name match (CIQUAL / NEVO) | N4: 0 | O4: 25 | P4: yes | Q4: whole | R4: FG1 | S4: poultry | T4: animal | W4: 1 | X4: 0.5 | Y4: declared | Z4: 31433 | AA4: =IF(H4="yes",Z4*X4,0) | AB4: =IF(H4="yes",AA4*N(L4)/100,0) | AC4: =IF(H4="yes",AA4*N(N4)/100,0) | AD4: =IF(H4="yes",AA4*N(O4)/100,0) | AE4: =IF(P4="yes",AA4/1000,0) | AF4: =IF(R4="FG2",AE4*W4,AE4)
A5: HM00003 | B5: 8712345464387 | C5: PENROCK SALTED PEANUTS 100G | D5: Salted peanuts, 100g | E5: Penrock | F5: Grocery | G5: Nuts & Seeds | H5: yes | I5: Plant-based core | J5: A | K5: All ingredients on one side | L5: 25.1 | M5: Declared by the retailer | N5: 25.1 | O5: 0 | P5: yes | Q5: whole | R5: FG1 | S5: nuts | T5: plant | W5: 1 | X5: 0.1 | Y5: declared | Z5: 16037 | AA5: =IF(H5="yes",Z5*X5,0) | AB5: =IF(H5="yes",AA5*N(L5)/100,0) | AC5: =IF(H5="yes",AA5*N(N5)/100,0) | AD5: =IF(H5="yes",AA5*N(O5)/100,0) | AE5: =IF(P5="yes",AA5/1000,0) | AF5: =IF(R5="FG2",AE5*W5,AE5)
A6: HM00004 | B6: 4012345136876 | C6: HM CUCUMBER EACH | D6: Cucumber | E6: Harbour Market | F6: Fruit & Vegetables | G6: Vegetables | H6: yes | I6: Plant-based non-core | J6: B | K6: Follows the class | L6: 0.59 | M6: Median of the family | N6: 0.59 | O6: 0 | P6: yes | Q6: whole | R6: FG4 | T6: plant | W6: 1 | X6: 0.35 | Y6: typical_piece | Z6: 59748 | AA6: =IF(H6="yes",Z6*X6,0) | AB6: =IF(H6="yes",AA6*N(L6)/100,0) | AC6: =IF(H6="yes",AA6*N(N6)/100,0) | AD6: =IF(H6="yes",AA6*N(O6)/100,0) | AE6: =IF(P6="yes",AA6/1000,0) | AF6: =IF(R6="FG2",AE6*W6,AE6)
A7: HM00005 | B7: 4012345806564 | C7: ORVALIS BLACK BEANS 4X400G | D7: Black beans in water, 4x400g | E7: Orvalis | F7: Grocery | G7: Pulses | H7: yes | I7: Plant-based core | J7: A | K7: All ingredients on one side | L7: 7 | M7: Median of the family | N7: 7 | O7: 0 | P7: yes | Q7: whole | R7: FG1 | S7: pulses | T7: plant | W7: 1 | X7: 1.6 | Y7: declared | Z7: 17242 | AA7: =IF(H7="yes",Z7*X7,0) | AB7: =IF(H7="yes",AA7*N(L7)/100,0) | AC7: =IF(H7="yes",AA7*N(N7)/100,0) | AD7: =IF(H7="yes",AA7*N(O7)/100,0) | AE7: =IF(P7="yes",AA7/1000,0) | AF7: =IF(R7="FG2",AE7*W7,AE7)
A8: HM00006 | B8: 4012345549430 | C8: HM COD FISH FINGERS 4PK 440G | D8: Cod fish fingers, 4pk 440g | E8: Harbour Market | F8: Frozen | G8: Frozen Fish | H8: yes | I8: Animal core | J8: B | K8: First ingredient (step 4a) | L8: 11.6 | M8: Declared by the retailer | N8: 0 | O8: 11.6 | P8: yes | Q8: whole | R8: FG1 | S8: fish shellfish | T8: animal | W8: 1 | X8: 0.44 | Y8: declared | Z8: 38088 | AA8: =IF(H8="yes",Z8*X8,0) | AB8: =IF(H8="yes",AA8*N(L8)/100,0) | AC8: =IF(H8="yes",AA8*N(N8)/100,0) | AD8: =IF(H8="yes",AA8*N(O8)/100,0) | AE8: =IF(P8="yes",AA8/1000,0) | AF8: =IF(R8="FG2",AE8*W8,AE8)
A9: HM00007 | B9: 2172222284030 | C9: HM CONFERENCE PEARS LOOSE | D9: Conference pears | E9: Harbour Market | F9: Fruit & Vegetables | G9: Fruit | H9: yes | I9: Plant-based non-core | J9: B | K9: Follows the class | L9: 0.39 | M9: Declared by the retailer | N9: 0.39 | O9: 0 | P9: yes | Q9: whole | R9: FG4 | T9: plant | W9: 1 | X9: 1 | Y9: variable | Z9: 11976 | AA9: =IF(H9="yes",Z9*X9,0) | AB9: =IF(H9="yes",AA9*N(L9)/100,0) | AC9: =IF(H9="yes",AA9*N(N9)/100,0) | AD9: =IF(H9="yes",AA9*N(O9)/100,0) | AE9: =IF(P9="yes",AA9/1000,0) | AF9: =IF(R9="FG2",AE9*W9,AE9)
A10: HM00008 | B10: 3012345602952 | C10: BBQ PORK RIBS MARIN 700G TARROW | D10: Marinated BBQ pork ribs, 700g | E10: Tarrow Farm | F10: Fresh Meat & Poultry | G10: BBQ & Marinated | H10: yes | I10: Animal core | J10: B | K10: First ingredient (step 4a) | L10: 16.7 | M10: Median of the family | N10: 0 | O10: 16.7 | P10: yes | Q10: whole | R10: FG1 | S10: red meat | T10: animal | W10: 1 | X10: 0.7 | Y10: declared | Z10: 45180 | AA10: =IF(H10="yes",Z10*X10,0) | AB10: =IF(H10="yes",AA10*N(L10)/100,0) | AC10: =IF(H10="yes",AA10*N(N10)/100,0) | AD10: =IF(H10="yes",AA10*N(O10)/100,0) | AE10: =IF(P10="yes",AA10/1000,0) | AF10: =IF(R10="FG2",AE10*W10,AE10)
A11: HM00009 | B11: 5012345329642 | C11: HM COURGETTES EACH | D11: Courgettes | E11: Harbour Market | F11: Fruit & Vegetables | G11: Vegetables | H11: yes | I11: Plant-based non-core | J11: B | K11: Follows the class | L11: 1.7 | M11: Altera reference base | N11: 1.7 | O11: 0 | P11: yes | Q11: whole | R11: FG4 | T11: plant | W11: 1 | X11: 0.25 | Y11: typical_piece | Z11: 62876 | AA11: =IF(H11="yes",Z11*X11,0) | AB11: =IF(H11="yes",AA11*N(L11)/100,0) | AC11: =IF(H11="yes",AA11*N(N11)/100,0) | AD11: =IF(H11="yes",AA11*N(O11)/100,0) | AE11: =IF(P11="yes",AA11/1000,0) | AF11: =IF(R11="FG2",AE11*W11,AE11)
A12: HM00010 | B12: 4012345408249 | C12: HM WHITE POTATOES 750G | D12: White potatoes, 750g | E12: Harbour Market | F12: Fruit & Vegetables | G12: Potatoes | H12: yes | I12: Plant-based non-core | J12: B | K12: Follows the class | L12: 1.9 | M12: Open Food Facts, by EAN | N12: 1.9 | O12: 0 | P12: yes | Q12: whole | R12: FG6 | T12: plant | W12: 1 | X12: 0.75 | Y12: declared | Z12: 39256 | AA12: =IF(H12="yes",Z12*X12,0) | AB12: =IF(H12="yes",AA12*N(L12)/100,0) | AC12: =IF(H12="yes",AA12*N(N12)/100,0) | AD12: =IF(H12="yes",AA12*N(O12)/100,0) | AE12: =IF(P12="yes",AA12/1000,0) | AF12: =IF(R12="FG2",AE12*W12,AE12)
A13: HM00011 | B13: 4012345434316 | C13: CHERRY YOG 450G FJELDA | D13: Cherry yoghurt, 450g | E13: Fjelda | F13: Dairy & Eggs | G13: Yoghurt | H13: yes | I13: Animal core | J13: B | K13: First ingredient (step 4a) | L13: 3.5 | M13: Altera reference base | N13: 0 | O13: 3.5 | P13: yes | Q13: whole | R13: FG2 | S13: dairy | T13: animal | W13: 1 | X13: 0.45 | Y13: label | Z13: 20236 | AA13: =IF(H13="yes",Z13*X13,0) | AB13: =IF(H13="yes",AA13*N(L13)/100,0) | AC13: =IF(H13="yes",AA13*N(N13)/100,0) | AD13: =IF(H13="yes",AA13*N(O13)/100,0) | AE13: =IF(P13="yes",AA13/1000,0) | AF13: =IF(R13="FG2",AE13*W13,AE13)
A14: HM00012 | B14: 5012345518169 | C14: HM BF MINCE 20% 400G | D14: Beef mince, 20% fat, 400g | E14: Harbour Market | F14: Fresh Meat & Poultry | G14: Beef | H14: yes | I14: Animal core | J14: A | K14: All ingredients on one side | L14: 17.8 | M14: Open Food Facts, by EAN | N14: 0 | O14: 17.8 | P14: yes | Q14: whole | R14: FG1 | S14: red meat | T14: animal | W14: 1 | X14: 0.4 | Y14: declared | Z14: 95677 | AA14: =IF(H14="yes",Z14*X14,0) | AB14: =IF(H14="yes",AA14*N(L14)/100,0) | AC14: =IF(H14="yes",AA14*N(N14)/100,0) | AD14: =IF(H14="yes",AA14*N(O14)/100,0) | AE14: =IF(P14="yes",AA14/1000,0) | AF14: =IF(R14="FG2",AE14*W14,AE14)
A15: HM00013 | B15: 5012345596600 | C15: HM BRIOCHE ROLLS 6PK 270G | D15: Brioche rolls, 6pk 270g | E15: Harbour Market | F15: Bakery | G15: Pastries | H15: yes | I15: Animal & plant composite | J15: B | K15: 50/50 convention | L15: 7.8 | M15: Declared by the retailer | N15: 3.9 | O15: 3.9 | P15: yes | Q15: whole | R15: FG7 | T15: plant | W15: 1 | X15: 0.27 | Y15: declared | Z15: 28283 | AA15: =IF(H15="yes",Z15*X15,0) | AB15: =IF(H15="yes",AA15*N(L15)/100,0) | AC15: =IF(H15="yes",AA15*N(N15)/100,0) | AD15: =IF(H15="yes",AA15*N(O15)/100,0) | AE15: =IF(P15="yes",AA15/1000,0) | AF15: =IF(R15="FG2",AE15*W15,AE15)
A16: HM00014 | B16: 8712345015398 | C16: HM CHORIZO SLICES 70G | D16: Chorizo slices, 70g | E16: Harbour Market | F16: Deli | G16: Cured Meats | H16: yes | I16: Animal core | J16: A | K16: All ingredients on one side | L16: 24.5 | M16: Declared by the retailer | N16: 0 | O16: 24.5 | P16: yes | Q16: whole | R16: FG1 | S16: red meat | T16: animal | W16: 1 | X16: 0.07 | Y16: declared | Z16: 42024 | AA16: =IF(H16="yes",Z16*X16,0) | AB16: =IF(H16="yes",AA16*N(L16)/100,0) | AC16: =IF(H16="yes",AA16*N(N16)/100,0) | AD16: =IF(H16="yes",AA16*N(O16)/100,0) | AE16: =IF(P16="yes",AA16/1000,0) | AF16: =IF(R16="FG2",AE16*W16,AE16)
A17: HM00015 | B17: 4012345189018 | C17: HM BLACK PEPPER GROUND 100G | D17: Ground black pepper, 100g | E17: Harbour Market | F17: Grocery | G17: Herbs & Spices | H17: yes | I17: Plant-based non-core | J17: B | K17: Follows the class | L17: 9.8 | M17: Median of the family | N17: 9.8 | O17: 0 | P17: no | V17: herbs spices | W17: 1 | X17: 0.1 | Y17: declared | Z17: 2863 | AA17: =IF(H17="yes",Z17*X17,0) | AB17: =IF(H17="yes",AA17*N(L17)/100,0) | AC17: =IF(H17="yes",AA17*N(N17)/100,0) | AD17: =IF(H17="yes",AA17*N(O17)/100,0) | AE17: =IF(P17="yes",AA17/1000,0) | AF17: =IF(R17="FG2",AE17*W17,AE17)
A18: HM00016 | B18: 5012345976006 | C18: HM NUT CHOC BARS 5X35G | D18: Nut & dark chocolate bars, 5x35g | E18: Harbour Market | F18: Breakfast & Snacks | G18: Cereal Bars | H18: yes | I18: Plant-based non-core | J18: B | K18: Follows the class | L18: 6.2 | M18: Declared by the retailer | N18: 6.2 | O18: 0 | P18: yes | Q18: whole | R18: FG7 | T18: plant | W18: 1 | X18: 0.175 | Y18: declared | Z18: 166857 | AA18: =IF(H18="yes",Z18*X18,0) | AB18: =IF(H18="yes",AA18*N(L18)/100,0) | AC18: =IF(H18="yes",AA18*N(N18)/100,0) | AD18: =IF(H18="yes",AA18*N(O18)/100,0) | AE18: =IF(P18="yes",AA18/1000,0) | AF18: =IF(R18="FG2",AE18*W18,AE18)
A19: HM00017 | B19: 4012345124340 | C19: HM APPLES PINK LADY 6PK | D19: Pink Lady apples, 6pk | E19: Harbour Market | F19: Fruit & Vegetables | G19: Fruit | H19: yes | I19: Plant-based non-core | J19: B | K19: Follows the class | L19: 0.3 | M19: Declared by the retailer | N19: 0.3 | O19: 0 | P19: yes | Q19: whole | R19: FG4 | T19: plant | W19: 1 | X19: 0.9 | Y19: declared | Z19: 88505 | AA19: =IF(H19="yes",Z19*X19,0) | AB19: =IF(H19="yes",AA19*N(L19)/100,0) | AC19: =IF(H19="yes",AA19*N(N19)/100,0) | AD19: =IF(H19="yes",AA19*N(O19)/100,0) | AE19: =IF(P19="yes",AA19/1000,0) | AF19: =IF(R19="FG2",AE19*W19,AE19)
A20: HM00018 | B20: 8712345317010 | C20: HM OAT RAISIN BARS 5X35G | D20: Oat & raisin bars, 5x35g | E20: Harbour Market | F20: Breakfast & Snacks | G20: Cereal Bars | H20: yes | I20: Plant-based non-core | J20: A | K20: All ingredients on one side | L20: 5.7 | M20: Declared by the retailer | N20: 5.7 | O20: 0 | P20: yes | Q20: whole | R20: FG7 | T20: plant | W20: 1 | X20: 0.175 | Y20: declared | Z20: 8680 | AA20: =IF(H20="yes",Z20*X20,0) | AB20: =IF(H20="yes",AA20*N(L20)/100,0) | AC20: =IF(H20="yes",AA20*N(N20)/100,0) | AD20: =IF(H20="yes",AA20*N(O20)/100,0) | AE20: =IF(P20="yes",AA20/1000,0) | AF20: =IF(R20="FG2",AE20*W20,AE20)
A21: HM00019 | B21: 8712345435639 | C21: HM CHOC CHIP COOKIES 200G | D21: Chocolate chip cookies, 200g | E21: Harbour Market | F21: Breakfast & Snacks | G21: Biscuits | H21: yes | I21: Animal & plant composite | J21: B | K21: 50/50 convention | L21: 6.4 | M21: Declared by the retailer | N21: 3.2 | O21: 3.2 | P21: yes | Q21: whole | R21: FG7 | T21: plant | W21: 1 | X21: 0.2 | Y21: declared | Z21: 177702 | AA21: =IF(H21="yes",Z21*X21,0) | AB21: =IF(H21="yes",AA21*N(L21)/100,0) | AC21: =IF(H21="yes",AA21*N(N21)/100,0) | AD21: =IF(H21="yes",AA21*N(O21)/100,0) | AE21: =IF(P21="yes",AA21/1000,0) | AF21: =IF(R21="FG2",AE21*W21,AE21)
A22: HM00020 | B22: 8712345090920 | C22: HM SMKD TOFU 200G | D22: Smoked tofu, 200g | E22: Harbour Market | F22: Plant-Based | G22: Tofu & Tempeh | H22: yes | I22: Plant-based core | J22: B | K22: Follows the class | L22: 12.5 | M22: Open Food Facts, by EAN | N22: 12.5 | O22: 0 | P22: yes | Q22: whole | R22: FG1 | S22: tofu tempeh seitan | T22: plant | W22: 1 | X22: 0.2 | Y22: declared | Z22: 16130 | AA22: =IF(H22="yes",Z22*X22,0) | AB22: =IF(H22="yes",AA22*N(L22)/100,0) | AC22: =IF(H22="yes",AA22*N(N22)/100,0) | AD22: =IF(H22="yes",AA22*N(O22)/100,0) | AE22: =IF(P22="yes",AA22/1000,0) | AF22: =IF(R22="FG2",AE22*W22,AE22)
A23: HM00021 | B23: 0012345871504 | C23: HM MILK CHOC HAZELNUT 4X40G | D23: Milk chocolate with hazelnuts, 4x40g | E23: Harbour Market | F23: Breakfast & Snacks | G23: Chocolate | H23: yes | I23: Animal & plant composite | J23: A | K23: Ingredient list | L23: 7.8 | M23: Declared by the retailer | N23: 3.59 | O23: 4.21 | P23: yes | Q23: whole | R23: FG7 | T23: plant | W23: 1 | X23: 0.16 | Y23: declared | Z23: 41407 | AA23: =IF(H23="yes",Z23*X23,0) | AB23: =IF(H23="yes",AA23*N(L23)/100,0) | AC23: =IF(H23="yes",AA23*N(N23)/100,0) | AD23: =IF(H23="yes",AA23*N(O23)/100,0) | AE23: =IF(P23="yes",AA23/1000,0) | AF23: =IF(R23="FG2",AE23*W23,AE23)
A24: HM00022 | B24: 5012345520179 | C24: HM RAPESEED OIL 1L | D24: Rapeseed oil, 1l | E24: Harbour Market | F24: Grocery | G24: Oils | H24: yes | I24: Plant-based non-core | J24: B | K24: Follows the class | L24: 0 | M24: Median of the family | N24: 0 | O24: 0 | P24: yes | Q24: whole | R24: FG3 | S24: plant fat | T24: plant | W24: 1 | X24: 0.92 | Y24: label | Z24: 8930 | AA24: =IF(H24="yes",Z24*X24,0) | AB24: =IF(H24="yes",AA24*N(L24)/100,0) | AC24: =IF(H24="yes",AA24*N(N24)/100,0) | AD24: =IF(H24="yes",AA24*N(O24)/100,0) | AE24: =IF(P24="yes",AA24/1000,0) | AF24: =IF(R24="FG2",AE24*W24,AE24)
A25: HM00023 | B25: 8712345602871 | C25: WHLWHT PENNE 1KG ORVALIS | D25: Wholewheat penne, 1kg | E25: Orvalis | F25: Grocery | G25: Pasta | H25: yes | I25: Plant-based non-core | J25: A | K25: All ingredients on one side | L25: 13.7 | M25: Declared by the retailer | N25: 13.7 | O25: 0 | P25: yes | Q25: whole | R25: FG5 | S25: whole grain | T25: plant | W25: 1 | X25: 1 | Y25: declared | Z25: 5102 | AA25: =IF(H25="yes",Z25*X25,0) | AB25: =IF(H25="yes",AA25*N(L25)/100,0) | AC25: =IF(H25="yes",AA25*N(N25)/100,0) | AD25: =IF(H25="yes",AA25*N(O25)/100,0) | AE25: =IF(P25="yes",AA25/1000,0) | AF25: =IF(R25="FG2",AE25*W25,AE25)
A26: HM00024 | B26: 5012345168616 | C26: HM CHERRY TOMATOES 300G | D26: Cherry tomatoes, 300g | E26: Harbour Market | F26: Fruit & Vegetables | G26: Vegetables | H26: yes | I26: Plant-based non-core | J26: B | K26: Follows the class | L26: 0.95 | M26: Declared by the retailer | N26: 0.95 | O26: 0 | P26: yes | Q26: whole | R26: FG4 | T26: plant | W26: 1 | X26: 0.3 | Y26: declared | Z26: 36495 | AA26: =IF(H26="yes",Z26*X26,0) | AB26: =IF(H26="yes",AA26*N(L26)/100,0) | AC26: =IF(H26="yes",AA26*N(N26)/100,0) | AD26: =IF(H26="yes",AA26*N(O26)/100,0) | AE26: =IF(P26="yes",AA26/1000,0) | AF26: =IF(R26="FG2",AE26*W26,AE26)
A27: HM00025 | B27: 3012345827010 | C27: HM EXTRA VIRGIN OLIVE OIL 500ML | D27: Extra virgin olive oil, 500ml | E27: Harbour Market | F27: Grocery | G27: Oils | H27: yes | I27: Plant-based non-core | J27: B | K27: Follows the class | L27: 0 | M27: Altera reference base | N27: 0 | O27: 0 | P27: yes | Q27: whole | R27: FG3 | S27: plant fat | T27: plant | W27: 1 | X27: 0.46 | Y27: declared | Z27: 17564 | AA27: =IF(H27="yes",Z27*X27,0) | AB27: =IF(H27="yes",AA27*N(L27)/100,0) | AC27: =IF(H27="yes",AA27*N(N27)/100,0) | AD27: =IF(H27="yes",AA27*N(O27)/100,0) | AE27: =IF(P27="yes",AA27/1000,0) | AF27: =IF(R27="FG2",AE27*W27,AE27)
A28: HM00026 | B28: 5012345615714 | C28: ALDERWICK EMMENTAL SLICES 10SL 250G | D28: Emmental slices, 10sl 250g | E28: Alderwick | F28: Cheese | G28: Hard Cheese | H28: yes | I28: Animal core | J28: A | K28: All ingredients on one side | L28: 27 | M28: Declared by the retailer | N28: 0 | O28: 27 | P28: yes | Q28: whole | R28: FG2 | S28: dairy | T28: animal | W28: 10 | X28: 0.25 | Y28: declared | Z28: 70533 | AA28: =IF(H28="yes",Z28*X28,0) | AB28: =IF(H28="yes",AA28*N(L28)/100,0) | AC28: =IF(H28="yes",AA28*N(N28)/100,0) | AD28: =IF(H28="yes",AA28*N(O28)/100,0) | AE28: =IF(P28="yes",AA28/1000,0) | AF28: =IF(R28="FG2",AE28*W28,AE28)
A29: HM00027 | B29: 4012345899306 | C29: HM CHICKPEAS IN WATER 400G | D29: Chickpeas in water, 400g | E29: Harbour Market | F29: Grocery | G29: Pulses | H29: yes | I29: Plant-based core | J29: B | K29: Follows the class | L29: 7.3 | M29: Declared by the retailer | N29: 7.3 | O29: 0 | P29: yes | Q29: whole | R29: FG1 | S29: pulses | T29: plant | W29: 1 | X29: 0.4 | Y29: declared | Z29: 15188 | AA29: =IF(H29="yes",Z29*X29,0) | AB29: =IF(H29="yes",AA29*N(L29)/100,0) | AC29: =IF(H29="yes",AA29*N(N29)/100,0) | AD29: =IF(H29="yes",AA29*N(O29)/100,0) | AE29: =IF(P29="yes",AA29/1000,0) | AF29: =IF(R29="FG2",AE29*W29,AE29)
A30: HM00028 | B30: 4012345640496 | C30: FJELDA SALTED BUTTER 500G | D30: Salted butter, 500g | E30: Fjelda | F30: Dairy & Eggs | G30: Butter & Spreads | H30: yes | I30: Animal core | J30: A | K30: All ingredients on one side | L30: 0.58 | M30: Median of the family | N30: 0 | O30: 0.58 | P30: yes | Q30: whole | R30: FG3 | S30: animal fat | T30: animal | W30: 1 | X30: 0.5 | Y30: declared | Z30: 13334 | AA30: =IF(H30="yes",Z30*X30,0) | AB30: =IF(H30="yes",AA30*N(L30)/100,0) | AC30: =IF(H30="yes",AA30*N(N30)/100,0) | AD30: =IF(H30="yes",AA30*N(O30)/100,0) | AE30: =IF(P30="yes",AA30/1000,0) | AF30: =IF(R30="FG2",AE30*W30,AE30)
A31: HM00029 | B31: 4012345849585 | C31: HM BABY SPINACH 1KG | D31: Baby spinach, 1kg | E31: Harbour Market | F31: Fruit & Vegetables | G31: Vegetables | H31: yes | I31: Plant-based non-core | J31: B | K31: Follows the class | L31: 2.9 | M31: Declared by the retailer | N31: 2.9 | O31: 0 | P31: yes | Q31: whole | R31: FG4 | T31: plant | W31: 1 | X31: 1 | Y31: declared | Z31: 24271 | AA31: =IF(H31="yes",Z31*X31,0) | AB31: =IF(H31="yes",AA31*N(L31)/100,0) | AC31: =IF(H31="yes",AA31*N(N31)/100,0) | AD31: =IF(H31="yes",AA31*N(O31)/100,0) | AE31: =IF(P31="yes",AA31/1000,0) | AF31: =IF(R31="FG2",AE31*W31,AE31)
A32: HM00030 | B32: 8712345591663 | C32: HM PLANT MINCE 400G | D32: Plant-based mince, 400g | E32: Harbour Market | F32: Plant-Based | G32: Meat Alternatives | H32: yes | I32: Plant-based core | J32: A | K32: All ingredients on one side | L32: 18 | M32: Altera reference base | N32: 18 | O32: 0 | P32: yes | Q32: whole | R32: FG1 | S32: alternative products | T32: plant | W32: 1 | X32: 0.4 | Y32: label | Z32: 7000 | AA32: =IF(H32="yes",Z32*X32,0) | AB32: =IF(H32="yes",AA32*N(L32)/100,0) | AC32: =IF(H32="yes",AA32*N(N32)/100,0) | AD32: =IF(H32="yes",AA32*N(O32)/100,0) | AE32: =IF(P32="yes",AA32/1000,0) | AF32: =IF(R32="FG2",AE32*W32,AE32)
A33: HM00031 | B33: 3012345216142 | C33: HM PORK LIVER PATE 2X85G | D33: Pork liver pâté, 2x85g | E33: Harbour Market | F33: Deli | G33: Pâté | H33: yes | I33: Animal core | J33: B | K33: Follows the class | L33: 12.5 | M33: Declared by the retailer | N33: 0 | O33: 12.5 | P33: yes | Q33: whole | R33: FG1 | S33: red meat | T33: animal | W33: 1 | X33: 0.17 | Y33: declared | Z33: 22699 | AA33: =IF(H33="yes",Z33*X33,0) | AB33: =IF(H33="yes",AA33*N(L33)/100,0) | AC33: =IF(H33="yes",AA33*N(N33)/100,0) | AD33: =IF(H33="yes",AA33*N(O33)/100,0) | AE33: =IF(P33="yes",AA33/1000,0) | AF33: =IF(R33="FG2",AE33*W33,AE33)
A34: HM00032 | B34: 4012345753233 | C34: ALDERWICK SOFT CHEESE PLAIN 250G | D34: Plain soft cheese, 250g | E34: Alderwick | F34: Cheese | G34: Fresh Cheese | H34: yes | I34: Animal core | J34: B | K34: Follows the class | L34: 6.9 | M34: Median of the family | N34: 0 | O34: 6.9 | P34: yes | Q34: whole | R34: FG2 | S34: dairy | T34: animal | W34: 1 | X34: 0.25 | Y34: declared | Z34: 9413 | AA34: =IF(H34="yes",Z34*X34,0) | AB34: =IF(H34="yes",AA34*N(L34)/100,0) | AC34: =IF(H34="yes",AA34*N(N34)/100,0) | AD34: =IF(H34="yes",AA34*N(O34)/100,0) | AE34: =IF(P34="yes",AA34/1000,0) | AF34: =IF(R34="FG2",AE34*W34,AE34)
A35: HM00033 | B35: 3012345311700 | C35: WHOLE ALMONDS 500G PENROCK | D35: Whole almonds, 500g | E35: Penrock | F35: Grocery | G35: Nuts & Seeds | H35: yes | I35: Plant-based core | J35: A | K35: All ingredients on one side | L35: 19.9 | M35: Declared by the retailer | N35: 19.9 | O35: 0 | P35: yes | Q35: whole | R35: FG1 | S35: nuts | T35: plant | W35: 1 | X35: 0.5 | Y35: declared | Z35: 12891 | AA35: =IF(H35="yes",Z35*X35,0) | AB35: =IF(H35="yes",AA35*N(L35)/100,0) | AC35: =IF(H35="yes",AA35*N(N35)/100,0) | AD35: =IF(H35="yes",AA35*N(O35)/100,0) | AE35: =IF(P35="yes",AA35/1000,0) | AF35: =IF(R35="FG2",AE35*W35,AE35)
A36: HM00034 | B36: 8712345337230 | C36: BRAMBLECOTE DIGESTIVE BISCUITS 300G | D36: Digestive biscuits, 300g | E36: Bramblecote | F36: Breakfast & Snacks | G36: Biscuits | H36: yes | I36: Plant-based non-core | J36: B | K36: Follows the class | L36: 7 | M36: Declared by the retailer | N36: 7 | O36: 0 | P36: yes | Q36: whole | R36: FG7 | T36: plant | W36: 1 | X36: 0.3 | Y36: declared | Z36: 11316 | AA36: =IF(H36="yes",Z36*X36,0) | AB36: =IF(H36="yes",AA36*N(L36)/100,0) | AC36: =IF(H36="yes",AA36*N(N36)/100,0) | AD36: =IF(H36="yes",AA36*N(O36)/100,0) | AE36: =IF(P36="yes",AA36/1000,0) | AF36: =IF(R36="FG2",AE36*W36,AE36)
A37: HM00035 | B37: 8712345755867 | C37: BRAMBLECOTE WHOLEMEAL SLICED 500G | D37: Wholemeal sliced bread, 500g | E37: Bramblecote | F37: Bakery | G37: Bread | H37: yes | I37: Plant-based non-core | J37: A | K37: All ingredients on one side | L37: 9.7 | M37: Declared by the retailer | N37: 9.7 | O37: 0 | P37: yes | Q37: whole | R37: FG5 | S37: whole grain | T37: plant | W37: 1 | X37: 0.5 | Y37: label | Z37: 34471 | AA37: =IF(H37="yes",Z37*X37,0) | AB37: =IF(H37="yes",AA37*N(L37)/100,0) | AC37: =IF(H37="yes",AA37*N(N37)/100,0) | AD37: =IF(H37="yes",AA37*N(O37)/100,0) | AE37: =IF(P37="yes",AA37/1000,0) | AF37: =IF(R37="FG2",AE37*W37,AE37)
A38: HM00036 | B38: 5012345424200 | C38: ORVALIS SPAGHETTI 3KG | D38: Spaghetti, 3kg | E38: Orvalis | F38: Grocery | G38: Pasta | H38: yes | I38: Plant-based non-core | J38: A | K38: All ingredients on one side | L38: 11.9 | M38: Median of the family | N38: 11.9 | O38: 0 | P38: yes | Q38: whole | R38: FG5 | S38: refined grain | T38: plant | W38: 1 | X38: 3 | Y38: label | Z38: 21102 | AA38: =IF(H38="yes",Z38*X38,0) | AB38: =IF(H38="yes",AA38*N(L38)/100,0) | AC38: =IF(H38="yes",AA38*N(N38)/100,0) | AD38: =IF(H38="yes",AA38*N(O38)/100,0) | AE38: =IF(P38="yes",AA38/1000,0) | AF38: =IF(R38="FG2",AE38*W38,AE38)
A39: HM00037 | B39: 5012345479453 | C39: HM SALMON FLT SKINLESS 240G | D39: Skinless salmon fillets, 240g | E39: Harbour Market | F39: Fish & Seafood | G39: Fresh Fish | H39: yes | I39: Animal core | J39: A | K39: All ingredients on one side | L39: 21.2 | M39: Declared by the retailer | N39: 0 | O39: 21.2 | P39: yes | Q39: whole | R39: FG1 | S39: fish shellfish | T39: animal | W39: 1 | X39: 0.24 | Y39: declared | Z39: 5295 | AA39: =IF(H39="yes",Z39*X39,0) | AB39: =IF(H39="yes",AA39*N(L39)/100,0) | AC39: =IF(H39="yes",AA39*N(N39)/100,0) | AD39: =IF(H39="yes",AA39*N(O39)/100,0) | AE39: =IF(P39="yes",AA39/1000,0) | AF39: =IF(R39="FG2",AE39*W39,AE39)
A40: HM00038 | B40: 4012345913798 | C40: PENNE RIGATE 500G ORVALIS | D40: Penne rigate, 500g | E40: Orvalis | F40: Grocery | G40: Pasta | H40: yes | I40: Plant-based non-core | J40: A | K40: All ingredients on one side | L40: 12.4 | M40: Declared by the retailer | N40: 12.4 | O40: 0 | P40: yes | Q40: whole | R40: FG5 | S40: refined grain | T40: plant | W40: 1 | X40: 0.5 | Y40: declared | Z40: 6122 | AA40: =IF(H40="yes",Z40*X40,0) | AB40: =IF(H40="yes",AA40*N(L40)/100,0) | AC40: =IF(H40="yes",AA40*N(N40)/100,0) | AD40: =IF(H40="yes",AA40*N(O40)/100,0) | AE40: =IF(P40="yes",AA40/1000,0) | AF40: =IF(R40="FG2",AE40*W40,AE40)
A41: HM00039 | B41: 2755600676120 | C41: HM CUCUMBER KG | D41: Cucumber | E41: Harbour Market | F41: Fruit & Vegetables | G41: Vegetables | H41: yes | I41: Plant-based non-core | J41: B | K41: Follows the class | L41: 0.57 | M41: Name match (CIQUAL / NEVO) | N41: 0.57 | O41: 0 | P41: yes | Q41: whole | R41: FG4 | T41: plant | W41: 1 | X41: 1 | Y41: variable | Z41: 77008 | AA41: =IF(H41="yes",Z41*X41,0) | AB41: =IF(H41="yes",AA41*N(L41)/100,0) | AC41: =IF(H41="yes",AA41*N(N41)/100,0) | AD41: =IF(H41="yes",AA41*N(O41)/100,0) | AE41: =IF(P41="yes",AA41/1000,0) | AF41: =IF(R41="FG2",AE41*W41,AE41)
A42: HM00040 | B42: 5012345668888 | C42: PENROCK SALTED PEANUTS 500G | D42: Salted peanuts, 500g | E42: Penrock | F42: Grocery | G42: Nuts & Seeds | H42: yes | I42: Plant-based core | J42: B | K42: Follows the class | L42: 23.6 | M42: Declared by the retailer | N42: 23.6 | O42: 0 | P42: yes | Q42: whole | R42: FG1 | S42: nuts | T42: plant | W42: 1 | X42: 0.5 | Y42: declared | Z42: 5663 | AA42: =IF(H42="yes",Z42*X42,0) | AB42: =IF(H42="yes",AA42*N(L42)/100,0) | AC42: =IF(H42="yes",AA42*N(N42)/100,0) | AD42: =IF(H42="yes",AA42*N(O42)/100,0) | AE42: =IF(P42="yes",AA42/1000,0) | AF42: =IF(R42="FG2",AE42*W42,AE42)
A43: HM00041 | B43: 8712345409098 | C43: ORVALIS BAKED BEANS TOM SCE 4X400G | D43: Baked beans in tomato sauce, 4x400g | E43: Orvalis | F43: Grocery | G43: Pulses | H43: yes | I43: Plant-based core | J43: A | K43: All ingredients on one side | L43: 5 | M43: Declared by the retailer | N43: 5 | O43: 0 | P43: yes | Q43: whole | R43: FG1 | S43: pulses | T43: plant | W43: 1 | X43: 1.6 | Y43: declared | Z43: 21461 | AA43: =IF(H43="yes",Z43*X43,0) | AB43: =IF(H43="yes",AA43*N(L43)/100,0) | AC43: =IF(H43="yes",AA43*N(N43)/100,0) | AD43: =IF(H43="yes",AA43*N(O43)/100,0) | AE43: =IF(P43="yes",AA43/1000,0) | AF43: =IF(R43="FG2",AE43*W43,AE43)
A44: HM00042 | B44: 4012345192285 | C44: HM BRIE 200G | D44: Brie, 200g | E44: Harbour Market | F44: Cheese | G44: Soft Cheese | H44: yes | I44: Animal core | J44: B | K44: Follows the class | L44: 21.1 | M44: Open Food Facts, by EAN | N44: 0 | O44: 21.1 | P44: yes | Q44: whole | R44: FG2 | S44: dairy | T44: animal | W44: 10 | X44: 0.2 | Y44: declared | Z44: 151306 | AA44: =IF(H44="yes",Z44*X44,0) | AB44: =IF(H44="yes",AA44*N(L44)/100,0) | AC44: =IF(H44="yes",AA44*N(N44)/100,0) | AD44: =IF(H44="yes",AA44*N(O44)/100,0) | AE44: =IF(P44="yes",AA44/1000,0) | AF44: =IF(R44="FG2",AE44*W44,AE44)
A45: HM00043 | B45: 3012345795050 | C45: COD FISH FINGERS 20PK 560G KESTREL | D45: Cod fish fingers, 20pk 560g | E45: Kestrel Bay | F45: Frozen | G45: Frozen Fish | H45: yes | I45: Animal core | J45: B | K45: First ingredient (step 4a) | L45: 12 | M45: Declared by the retailer | N45: 0 | O45: 12 | P45: yes | Q45: whole | R45: FG1 | S45: fish shellfish | T45: animal | W45: 1 | X45: 0.56 | Y45: declared | Z45: 23811 | AA45: =IF(H45="yes",Z45*X45,0) | AB45: =IF(H45="yes",AA45*N(L45)/100,0) | AC45: =IF(H45="yes",AA45*N(N45)/100,0) | AD45: =IF(H45="yes",AA45*N(O45)/100,0) | AE45: =IF(P45="yes",AA45/1000,0) | AF45: =IF(R45="FG2",AE45*W45,AE45)
A46: HM00044 | B46: 4012345297966 | C46: HM VEG CURRY RICE 400G | D46: Vegetable curry with rice, 400g | E46: Harbour Market | F46: Ready Meals | G46: Ready Meals | H46: yes | I46: Plant-based non-core | J46: A | K46: All ingredients on one side | L46: 4.1 | M46: Median of the family | N46: 4.1 | O46: 0 | P46: yes | Q46: composite | U46: vegan | W46: 1 | X46: 0.4 | Y46: declared | Z46: 34983 | AA46: =IF(H46="yes",Z46*X46,0) | AB46: =IF(H46="yes",AA46*N(L46)/100,0) | AC46: =IF(H46="yes",AA46*N(N46)/100,0) | AD46: =IF(H46="yes",AA46*N(O46)/100,0) | AE46: =IF(P46="yes",AA46/1000,0) | AF46: =IF(R46="FG2",AE46*W46,AE46)
A47: HM00045 | B47: 5012345442990 | C47: GREEK STYLE YOG 4X125G FJELDA | D47: Greek-style yoghurt, 4x125g | E47: Fjelda | F47: Dairy & Eggs | G47: Yoghurt | H47: yes | I47: Animal core | J47: A | K47: All ingredients on one side | L47: 5.9 | M47: Declared by the retailer | N47: 0 | O47: 5.9 | P47: yes | Q47: whole | R47: FG2 | S47: dairy | T47: animal | W47: 1 | X47: 0.5 | Y47: declared | Z47: 106845 | AA47: =IF(H47="yes",Z47*X47,0) | AB47: =IF(H47="yes",AA47*N(L47)/100,0) | AC47: =IF(H47="yes",AA47*N(N47)/100,0) | AD47: =IF(H47="yes",AA47*N(O47)/100,0) | AE47: =IF(P47="yes",AA47/1000,0) | AF47: =IF(R47="FG2",AE47*W47,AE47)
A48: HM00046 | B48: 3012345479561 | C48: HM ICED TEA PEACH 2L | D48: Peach iced tea, 2l | E48: Harbour Market | F48: Soft Drinks & Water | G48: Soft Drinks | H48: yes | I48: Plant-based non-core | J48: B | K48: Follows the class | L48: 0 | M48: Declared by the retailer | N48: 0 | O48: 0 | P48: no | V48: beverage | W48: 1 | X48: 2 | Y48: declared | Z48: 68259 | AA48: =IF(H48="yes",Z48*X48,0) | AB48: =IF(H48="yes",AA48*N(L48)/100,0) | AC48: =IF(H48="yes",AA48*N(N48)/100,0) | AD48: =IF(H48="yes",AA48*N(O48)/100,0) | AE48: =IF(P48="yes",AA48/1000,0) | AF48: =IF(R48="FG2",AE48*W48,AE48)
A49: HM00047 | B49: 5012345969794 | C49: VELOCE ENGLISH BREAKFAST TEA 1KG | D49: English breakfast tea bags, 1kg | E49: Veloce | F49: Grocery | G49: Tea & Coffee | H49: yes | I49: Plant-based non-core | J49: A | K49: All ingredients on one side | L49: 0 | M49: Declared by the retailer | N49: 0 | O49: 0 | P49: no | V49: coffee tea | W49: 1 | X49: 1 | Y49: declared | Z49: 4210 | AA49: =IF(H49="yes",Z49*X49,0) | AB49: =IF(H49="yes",AA49*N(L49)/100,0) | AC49: =IF(H49="yes",AA49*N(N49)/100,0) | AD49: =IF(H49="yes",AA49*N(O49)/100,0) | AE49: =IF(P49="yes",AA49/1000,0) | AF49: =IF(R49="FG2",AE49*W49,AE49)
A50: HM00048 | B50: 8712345104481 | C50: TARROW BF DICED STEW 250G | D50: Diced beef for stewing, 250g | E50: Tarrow Farm | F50: Fresh Meat & Poultry | G50: Beef | H50: yes | I50: Animal core | J50: B | K50: Follows the class | L50: 21.8 | M50: Declared by the retailer | N50: 0 | O50: 21.8 | P50: yes | Q50: whole | R50: FG1 | S50: red meat | T50: animal | W50: 1 | X50: 0.25 | Y50: declared | Z50: 213489 | AA50: =IF(H50="yes",Z50*X50,0) | AB50: =IF(H50="yes",AA50*N(L50)/100,0) | AC50: =IF(H50="yes",AA50*N(N50)/100,0) | AD50: =IF(H50="yes",AA50*N(O50)/100,0) | AE50: =IF(P50="yes",AA50/1000,0) | AF50: =IF(R50="FG2",AE50*W50,AE50)
A51: HM00049 | B51: 8712345397470 | C51: HM STRAWB MILKSHAKE 1L | D51: Strawberry milkshake, 1l | E51: Harbour Market | F51: Dairy & Eggs | G51: Milk Drinks | H51: yes | I51: Animal core | J51: B | K51: First ingredient (step 4a) | L51: 3.3 | M51: Declared by the retailer | N51: 0 | O51: 3.3 | P51: yes | Q51: whole | R51: FG2 | S51: dairy | T51: animal | W51: 1 | X51: 1.03 | Y51: declared | Z51: 4498 | AA51: =IF(H51="yes",Z51*X51,0) | AB51: =IF(H51="yes",AA51*N(L51)/100,0) | AC51: =IF(H51="yes",AA51*N(N51)/100,0) | AD51: =IF(H51="yes",AA51*N(O51)/100,0) | AE51: =IF(P51="yes",AA51/1000,0) | AF51: =IF(R51="FG2",AE51*W51,AE51)
A52: HM00050 | B52: 5012345243795 | C52: PENROCK CHIA SEEDS 300G | D52: Chia seeds, 300g | E52: Penrock | F52: Grocery | G52: Nuts & Seeds | H52: yes | I52: Plant-based core | J52: A | K52: All ingredients on one side | L52: 17.8 | M52: Declared by the retailer | N52: 17.8 | O52: 0 | P52: yes | Q52: whole | R52: FG1 | S52: seeds | T52: plant | W52: 1 | X52: 0.3 | Y52: label | Z52: 2419 | AA52: =IF(H52="yes",Z52*X52,0) | AB52: =IF(H52="yes",AA52*N(L52)/100,0) | AC52: =IF(H52="yes",AA52*N(N52)/100,0) | AD52: =IF(H52="yes",AA52*N(O52)/100,0) | AE52: =IF(P52="yes",AA52/1000,0) | AF52: =IF(R52="FG2",AE52*W52,AE52)
A53: HM00051 | B53: 8712345407438 | C53: HM MELON GALIA EACH | D53: Galia melon | E53: Harbour Market | F53: Fruit & Vegetables | G53: Exotic Fruit | H53: yes | I53: Plant-based non-core | J53: B | K53: Follows the class | L53: 0.77 | M53: Altera reference base | N53: 0.77 | O53: 0 | P53: yes | Q53: whole | R53: FG4 | T53: plant | W53: 1 | X53: 1.2 | Y53: typical_piece | Z53: 36817 | AA53: =IF(H53="yes",Z53*X53,0) | AB53: =IF(H53="yes",AA53*N(L53)/100,0) | AC53: =IF(H53="yes",AA53*N(N53)/100,0) | AD53: =IF(H53="yes",AA53*N(O53)/100,0) | AE53: =IF(P53="yes",AA53/1000,0) | AF53: =IF(R53="FG2",AE53*W53,AE53)
A54: HM00052 | B54: 5012345024721 | C54: HM LEMONS 1KG | D54: Lemons, 1kg | E54: Harbour Market | F54: Fruit & Vegetables | G54: Fruit | H54: yes | I54: Plant-based non-core | J54: B | K54: Follows the class | L54: 0.63 | M54: Altera reference base | N54: 0.63 | O54: 0 | P54: yes | Q54: whole | R54: FG4 | T54: plant | W54: 1 | X54: 1 | Y54: declared | Z54: 238470 | AA54: =IF(H54="yes",Z54*X54,0) | AB54: =IF(H54="yes",AA54*N(L54)/100,0) | AC54: =IF(H54="yes",AA54*N(N54)/100,0) | AD54: =IF(H54="yes",AA54*N(O54)/100,0) | AE54: =IF(P54="yes",AA54/1000,0) | AF54: =IF(R54="FG2",AE54*W54,AE54)
A55: HM00053 | B55: 0012345230677 | C55: BRAMBLECOTE WHITE PITTA 6PK 360G | D55: White pitta bread, 6pk 360g | E55: Bramblecote | F55: Bakery | G55: Bread | H55: yes | I55: Plant-based non-core | J55: A | K55: All ingredients on one side | L55: 8.9 | M55: Open Food Facts, by EAN | N55: 8.9 | O55: 0 | P55: yes | Q55: whole | R55: FG5 | S55: refined grain | T55: plant | W55: 1 | X55: 0.36 | Y55: declared | Z55: 142306 | AA55: =IF(H55="yes",Z55*X55,0) | AB55: =IF(H55="yes",AA55*N(L55)/100,0) | AC55: =IF(H55="yes",AA55*N(N55)/100,0) | AD55: =IF(H55="yes",AA55*N(O55)/100,0) | AE55: =IF(P55="yes",AA55/1000,0) | AF55: =IF(R55="FG2",AE55*W55,AE55)
A56: HM00054 | B56: 5012345744889 | C56: PENWARD APPLE CIDER 12X440ML | D56: Apple cider, 12x440ml | E56: Penward | F56: Beer, Wine & Spirits | G56: Beer & Cider | H56: yes | I56: Plant-based non-core | J56: A | K56: All ingredients on one side | L56: 0 | M56: Open Food Facts, by EAN | N56: 0 | O56: 0 | P56: no | V56: alcohol | W56: 1 | X56: 5.28 | Y56: label | Z56: 102158 | AA56: =IF(H56="yes",Z56*X56,0) | AB56: =IF(H56="yes",AA56*N(L56)/100,0) | AC56: =IF(H56="yes",AA56*N(N56)/100,0) | AD56: =IF(H56="yes",AA56*N(O56)/100,0) | AE56: =IF(P56="yes",AA56/1000,0) | AF56: =IF(R56="FG2",AE56*W56,AE56)
A57: HM00055 | B57: 5012345015279 | C57: HM TKY BREAST SLICES 100G | D57: Turkey breast slices, 100g | E57: Harbour Market | F57: Deli | G57: Cooked Meats | H57: yes | I57: Animal core | J57: A | K57: All ingredients on one side | L57: 23 | M57: Declared by the retailer | N57: 0 | O57: 23 | P57: yes | Q57: whole | R57: FG1 | S57: poultry | T57: animal | W57: 1 | X57: 0.1 | Y57: declared | Z57: 24956 | AA57: =IF(H57="yes",Z57*X57,0) | AB57: =IF(H57="yes",AA57*N(L57)/100,0) | AC57: =IF(H57="yes",AA57*N(N57)/100,0) | AD57: =IF(H57="yes",AA57*N(O57)/100,0) | AE57: =IF(P57="yes",AA57/1000,0) | AF57: =IF(R57="FG2",AE57*W57,AE57)
A58: HM00056 | B58: 5012345131153 | C58: PENROCK SOUR CRM ONION CRISPS 150G | D58: Sour cream & onion crisps, 150g | E58: Penrock | F58: Breakfast & Snacks | G58: Crisps | H58: yes | I58: Animal & plant composite | J58: A | K58: NEVO food table (ratio only) | L58: 6.3 | M58: Open Food Facts, by EAN | N58: 5.86 | O58: 0.44 | P58: yes | Q58: whole | R58: FG7 | T58: animal | W58: 1 | X58: 0.15 | Y58: declared | Z58: 32901 | AA58: =IF(H58="yes",Z58*X58,0) | AB58: =IF(H58="yes",AA58*N(L58)/100,0) | AC58: =IF(H58="yes",AA58*N(N58)/100,0) | AD58: =IF(H58="yes",AA58*N(O58)/100,0) | AE58: =IF(P58="yes",AA58/1000,0) | AF58: =IF(R58="FG2",AE58*W58,AE58)
A59: HM00057 | B59: 5012345491202 | C59: PIZZA 4 CHEESE 335G QUILLAN | D59: Four cheese pizza, 335g | E59: Quillan | F59: Frozen | G59: Pizza | H59: yes | I59: Animal & plant composite | J59: B | K59: 50/50 convention | L59: 9.8 | M59: Altera reference base | N59: 4.9 | O59: 4.9 | P59: yes | Q59: composite | U59: vegetarian | W59: 1 | X59: 0.335 | Y59: declared | Z59: 84983 | AA59: =IF(H59="yes",Z59*X59,0) | AB59: =IF(H59="yes",AA59*N(L59)/100,0) | AC59: =IF(H59="yes",AA59*N(N59)/100,0) | AD59: =IF(H59="yes",AA59*N(O59)/100,0) | AE59: =IF(P59="yes",AA59/1000,0) | AF59: =IF(R59="FG2",AE59*W59,AE59)
A60: HM00058 | B60: 5012345713557 | C60: MACKEREL TOM SCE 125G KESTREL | D60: Mackerel fillets in tomato sauce, 125g | E60: Kestrel Bay | F60: Fish & Seafood | G60: Canned Fish | H60: yes | I60: Animal core | J60: A | K60: All ingredients on one side | L60: 14.2 | M60: Declared by the retailer | N60: 0 | O60: 14.2 | P60: yes | Q60: whole | R60: FG1 | S60: fish shellfish | T60: animal | W60: 1 | X60: 0.125 | Y60: declared | Z60: 23976 | AA60: =IF(H60="yes",Z60*X60,0) | AB60: =IF(H60="yes",AA60*N(L60)/100,0) | AC60: =IF(H60="yes",AA60*N(N60)/100,0) | AD60: =IF(H60="yes",AA60*N(O60)/100,0) | AE60: =IF(P60="yes",AA60/1000,0) | AF60: =IF(R60="FG2",AE60*W60,AE60)
A61: HM00059 | B61: 3012345099905 | C61: HM VODKA 70CL | D61: Vodka, 70cl | E61: Harbour Market | F61: Beer, Wine & Spirits | G61: Spirits | H61: yes | I61: Plant-based non-core | J61: A | K61: All ingredients on one side | L61: 0 | M61: Name match (CIQUAL / NEVO) | N61: 0 | O61: 0 | P61: no | V61: alcohol | W61: 1 | X61: 0.7 | Y61: declared | Z61: 17056 | AA61: =IF(H61="yes",Z61*X61,0) | AB61: =IF(H61="yes",AA61*N(L61)/100,0) | AC61: =IF(H61="yes",AA61*N(N61)/100,0) | AD61: =IF(H61="yes",AA61*N(O61)/100,0) | AE61: =IF(P61="yes",AA61/1000,0) | AF61: =IF(R61="FG2",AE61*W61,AE61)
A62: HM00060 | B62: 8712345131647 | C62: HM BF DICED STEW 500G | D62: Diced beef for stewing, 500g | E62: Harbour Market | F62: Fresh Meat & Poultry | G62: Beef | H62: yes | I62: Animal core | J62: B | K62: Follows the class | L62: 22.7 | M62: Declared by the retailer | N62: 0 | O62: 22.7 | P62: yes | Q62: whole | R62: FG1 | S62: red meat | T62: animal | W62: 1 | X62: 0.5 | Y62: declared | Z62: 19887 | AA62: =IF(H62="yes",Z62*X62,0) | AB62: =IF(H62="yes",AA62*N(L62)/100,0) | AC62: =IF(H62="yes",AA62*N(N62)/100,0) | AD62: =IF(H62="yes",AA62*N(O62)/100,0) | AE62: =IF(P62="yes",AA62/1000,0) | AF62: =IF(R62="FG2",AE62*W62,AE62)
A63: HM00061 | B63: 4012345484847 | C63: HM CHOC RICE POPS 750G | D63: Chocolate rice pops, 750g | E63: Harbour Market | F63: Breakfast & Snacks | G63: Cereals | H63: yes | I63: Plant-based non-core | J63: A | K63: All ingredients on one side | L63: 4.7 | M63: Declared by the retailer | N63: 4.7 | O63: 0 | P63: yes | Q63: whole | R63: FG5 | S63: refined grain | T63: plant | W63: 1 | X63: 0.75 | Y63: declared | Z63: 31915 | AA63: =IF(H63="yes",Z63*X63,0) | AB63: =IF(H63="yes",AA63*N(L63)/100,0) | AC63: =IF(H63="yes",AA63*N(N63)/100,0) | AD63: =IF(H63="yes",AA63*N(O63)/100,0) | AE63: =IF(P63="yes",AA63/1000,0) | AF63: =IF(R63="FG2",AE63*W63,AE63)
A64: HM00062 | B64: 4012345330366 | C64: BRAMBLECOTE BAGUETTE 800G | D64: Baguette, 800g | E64: Bramblecote | F64: Bakery | G64: Bread | H64: yes | I64: Plant-based non-core | J64: B | K64: Follows the class | L64: 8.4 | M64: Declared by the retailer | N64: 8.4 | O64: 0 | P64: yes | Q64: whole | R64: FG5 | S64: refined grain | T64: plant | W64: 1 | X64: 0.8 | Y64: declared | Z64: 64245 | AA64: =IF(H64="yes",Z64*X64,0) | AB64: =IF(H64="yes",AA64*N(L64)/100,0) | AC64: =IF(H64="yes",AA64*N(N64)/100,0) | AD64: =IF(H64="yes",AA64*N(O64)/100,0) | AE64: =IF(P64="yes",AA64/1000,0) | AF64: =IF(R64="FG2",AE64*W64,AE64)
A65: HM00063 | B65: 3012345128223 | C65: VELOCE INSTANT COFFEE 80PK 250G | D65: Instant coffee, 80pk 250g | E65: Veloce | F65: Grocery | G65: Tea & Coffee | H65: yes | I65: Plant-based non-core | J65: A | K65: All ingredients on one side | L65: 7.4 | M65: Altera reference base | N65: 7.4 | O65: 0 | P65: no | V65: coffee tea | W65: 1 | X65: 0.25 | Y65: declared | Z65: 11360 | AA65: =IF(H65="yes",Z65*X65,0) | AB65: =IF(H65="yes",AA65*N(L65)/100,0) | AC65: =IF(H65="yes",AA65*N(N65)/100,0) | AD65: =IF(H65="yes",AA65*N(O65)/100,0) | AE65: =IF(P65="yes",AA65/1000,0) | AF65: =IF(R65="FG2",AE65*W65,AE65)
A66: HM00064 | B66: 8712345506728 | C66: YELLOW SPLIT PEAS 1KG ORVALIS | D66: Yellow split peas, 1kg | E66: Orvalis | F66: Grocery | G66: Pulses | H66: yes | I66: Plant-based core | J66: A | K66: All ingredients on one side | L66: 23 | M66: Open Food Facts, by EAN | N66: 23 | O66: 0 | P66: yes | Q66: whole | R66: FG1 | S66: pulses | T66: plant | W66: 1 | X66: 1 | Y66: declared | Z66: 9005 | AA66: =IF(H66="yes",Z66*X66,0) | AB66: =IF(H66="yes",AA66*N(L66)/100,0) | AC66: =IF(H66="yes",AA66*N(N66)/100,0) | AD66: =IF(H66="yes",AA66*N(O66)/100,0) | AE66: =IF(P66="yes",AA66/1000,0) | AF66: =IF(R66="FG2",AE66*W66,AE66)
A67: HM00065 | B67: 8712345529918 | C67: HM PIZZA 4 CHEESE 400G | D67: Four cheese pizza, 400g | E67: Harbour Market | F67: Frozen | G67: Pizza | H67: yes | I67: Animal & plant composite | J67: B | K67: 50/50 convention | L67: 9.6 | M67: Declared by the retailer | N67: 4.8 | O67: 4.8 | P67: yes | Q67: composite | U67: vegetarian | W67: 1 | X67: 0.4 | Y67: declared | Z67: 87484 | AA67: =IF(H67="yes",Z67*X67,0) | AB67: =IF(H67="yes",AA67*N(L67)/100,0) | AC67: =IF(H67="yes",AA67*N(N67)/100,0) | AD67: =IF(H67="yes",AA67*N(O67)/100,0) | AE67: =IF(P67="yes",AA67/1000,0) | AF67: =IF(R67="FG2",AE67*W67,AE67)
A68: HM00066 | B68: 8712345431464 | C68: HM CHKN STOCK CUBES 8PK 80G | D68: Chicken stock cubes, 8pk 80g | E68: Harbour Market | F68: Grocery | G68: Stock & Gravy | H68: yes | I68: Animal & plant composite | J68: B | K68: 50/50 convention | L68: 8.2 | M68: Name match (CIQUAL / NEVO) | N68: 4.1 | O68: 4.1 | P68: no | V68: stock | W68: 1 | X68: 0.08 | Y68: declared | Z68: 11049 | AA68: =IF(H68="yes",Z68*X68,0) | AB68: =IF(H68="yes",AA68*N(L68)/100,0) | AC68: =IF(H68="yes",AA68*N(N68)/100,0) | AD68: =IF(H68="yes",AA68*N(O68)/100,0) | AE68: =IF(P68="yes",AA68/1000,0) | AF68: =IF(R68="FG2",AE68*W68,AE68)
A69: HM00067 | B69: 8712345293475 | C69: UNSALTED BUTTER 250G FJELDA | D69: Unsalted butter, 250g | E69: Fjelda | F69: Dairy & Eggs | G69: Butter & Spreads | H69: yes | I69: Animal core | J69: A | K69: All ingredients on one side | L69: 0.63 | M69: Name match (CIQUAL / NEVO) | N69: 0 | O69: 0.63 | P69: yes | Q69: whole | R69: FG3 | S69: animal fat | T69: animal | W69: 1 | X69: 0.25 | Y69: declared | Z69: 59825 | AA69: =IF(H69="yes",Z69*X69,0) | AB69: =IF(H69="yes",AA69*N(L69)/100,0) | AC69: =IF(H69="yes",AA69*N(N69)/100,0) | AD69: =IF(H69="yes",AA69*N(O69)/100,0) | AE69: =IF(P69="yes",AA69/1000,0) | AF69: =IF(R69="FG2",AE69*W69,AE69)
A70: HM00068 | B70: 5012345439716 | C70: TKY BREAST SLICES 180G TARROW | D70: Turkey breast slices, 180g | E70: Tarrow Farm | F70: Deli | G70: Cooked Meats | H70: yes | I70: Animal core | J70: B | K70: Follows the class | L70: 22.9 | M70: Declared by the retailer | N70: 0 | O70: 22.9 | P70: yes | Q70: whole | R70: FG1 | S70: poultry | T70: animal | W70: 1 | X70: 0.18 | Y70: declared | Z70: 80539 | AA70: =IF(H70="yes",Z70*X70,0) | AB70: =IF(H70="yes",AA70*N(L70)/100,0) | AC70: =IF(H70="yes",AA70*N(N70)/100,0) | AD70: =IF(H70="yes",AA70*N(O70)/100,0) | AE70: =IF(P70="yes",AA70/1000,0) | AF70: =IF(R70="FG2",AE70*W70,AE70)
A71: HM00069 | B71: 5012345516813 | C71: FJELDA SEMI SKMD MILK 4PT 2.27L | D71: Semi-skimmed milk, 4pt 2.27l | E71: Fjelda | F71: Dairy & Eggs | G71: Milk | H71: yes | I71: Animal core | J71: A | K71: All ingredients on one side | L71: 3.4 | M71: Name match (CIQUAL / NEVO) | N71: 0 | O71: 3.4 | P71: yes | Q71: whole | R71: FG2 | S71: dairy | T71: animal | W71: 1 | X71: 2.34 | Y71: declared | Z71: 37637 | AA71: =IF(H71="yes",Z71*X71,0) | AB71: =IF(H71="yes",AA71*N(L71)/100,0) | AC71: =IF(H71="yes",AA71*N(N71)/100,0) | AD71: =IF(H71="yes",AA71*N(O71)/100,0) | AE71: =IF(P71="yes",AA71/1000,0) | AF71: =IF(R71="FG2",AE71*W71,AE71)
A72: HM00070 | B72: 8712345961398 | C72: HM LEMONADE 1.5L | D72: Cloudy lemonade, 1.5l | E72: Harbour Market | F72: Soft Drinks & Water | G72: Soft Drinks | H72: yes | I72: Plant-based non-core | J72: A | K72: All ingredients on one side | L72: 0 | M72: Declared by the retailer | N72: 0 | O72: 0 | P72: no | V72: beverage | W72: 1 | X72: 1.5 | Y72: declared | Z72: 72037 | AA72: =IF(H72="yes",Z72*X72,0) | AB72: =IF(H72="yes",AA72*N(L72)/100,0) | AC72: =IF(H72="yes",AA72*N(N72)/100,0) | AD72: =IF(H72="yes",AA72*N(O72)/100,0) | AE72: =IF(P72="yes",AA72/1000,0) | AF72: =IF(R72="FG2",AE72*W72,AE72)
A73: HM00071 | B73: 4012345085433 | C73: HM CHOPPED TOMATOES 690G | D73: Chopped tomatoes, 690g | E73: Harbour Market | F73: Grocery | G73: Canned Vegetables | H73: yes | I73: Plant-based non-core | J73: A | K73: All ingredients on one side | L73: 1.1 | M73: Altera reference base | N73: 1.1 | O73: 0 | P73: yes | Q73: whole | R73: FG4 | T73: plant | W73: 1 | X73: 0.69 | Y73: declared | Z73: 114779 | AA73: =IF(H73="yes",Z73*X73,0) | AB73: =IF(H73="yes",AA73*N(L73)/100,0) | AC73: =IF(H73="yes",AA73*N(N73)/100,0) | AD73: =IF(H73="yes",AA73*N(O73)/100,0) | AE73: =IF(P73="yes",AA73/1000,0) | AF73: =IF(R73="FG2",AE73*W73,AE73)
A74: HM00072 | B74: 3012345093644 | C74: HM SWEETCORN COBS 300G | D74: Sweetcorn cobs, 300g | E74: Harbour Market | F74: Fruit & Vegetables | G74: Vegetables | H74: yes | I74: Plant-based non-core | J74: B | K74: Follows the class | L74: 3.1 | M74: Name match (CIQUAL / NEVO) | N74: 3.1 | O74: 0 | P74: yes | Q74: whole | R74: FG4 | T74: plant | W74: 1 | X74: 0.3 | Y74: declared | Z74: 30784 | AA74: =IF(H74="yes",Z74*X74,0) | AB74: =IF(H74="yes",AA74*N(L74)/100,0) | AC74: =IF(H74="yes",AA74*N(N74)/100,0) | AD74: =IF(H74="yes",AA74*N(O74)/100,0) | AE74: =IF(P74="yes",AA74/1000,0) | AF74: =IF(R74="FG2",AE74*W74,AE74)
A75: HM00073 | B75: 5012345300337 | C75: HM BF BURGERS 4PK 454G | D75: Beef burgers, 4 pack, 454g | E75: Harbour Market | F75: Fresh Meat & Poultry | G75: Sausages & Burgers | H75: yes | I75: Animal core | J75: B | K75: First ingredient (step 4a) | L75: 14.4 | M75: Median of the family | N75: 0 | O75: 14.4 | P75: yes | Q75: whole | R75: FG1 | S75: red meat | T75: animal | W75: 1 | X75: 0.454 | Y75: declared | Z75: 28226 | AA75: =IF(H75="yes",Z75*X75,0) | AB75: =IF(H75="yes",AA75*N(L75)/100,0) | AC75: =IF(H75="yes",AA75*N(N75)/100,0) | AD75: =IF(H75="yes",AA75*N(O75)/100,0) | AE75: =IF(P75="yes",AA75/1000,0) | AF75: =IF(R75="FG2",AE75*W75,AE75)
A76: HM00074 | B76: 4012345754353 | C76: HM NAT YOG 4X125G | D76: Natural yoghurt, 4x125g | E76: Harbour Market | F76: Dairy & Eggs | G76: Yoghurt | H76: yes | I76: Animal core | J76: A | K76: All ingredients on one side | L76: 4.6 | M76: Open Food Facts, by EAN | N76: 0 | O76: 4.6 | P76: yes | Q76: whole | R76: FG2 | S76: dairy | T76: animal | W76: 1 | X76: 0.5 | Y76: declared | Z76: 25068 | AA76: =IF(H76="yes",Z76*X76,0) | AB76: =IF(H76="yes",AA76*N(L76)/100,0) | AC76: =IF(H76="yes",AA76*N(N76)/100,0) | AD76: =IF(H76="yes",AA76*N(O76)/100,0) | AE76: =IF(P76="yes",AA76/1000,0) | AF76: =IF(R76="FG2",AE76*W76,AE76)
A77: HM00075 | B77: 4012345645439 | C77: HM CONFERENCE PEARS 1KG | D77: Conference pears, 1kg | E77: Harbour Market | F77: Fruit & Vegetables | G77: Fruit | H77: yes | I77: Plant-based non-core | J77: B | K77: Follows the class | L77: 0.41 | M77: Open Food Facts, by EAN | N77: 0.41 | O77: 0 | P77: yes | Q77: whole | R77: FG4 | T77: plant | W77: 1 | X77: 1 | Y77: declared | Z77: 24524 | AA77: =IF(H77="yes",Z77*X77,0) | AB77: =IF(H77="yes",AA77*N(L77)/100,0) | AC77: =IF(H77="yes",AA77*N(N77)/100,0) | AD77: =IF(H77="yes",AA77*N(O77)/100,0) | AE77: =IF(P77="yes",AA77/1000,0) | AF77: =IF(R77="FG2",AE77*W77,AE77)
A78: HM00076 | B78: 4012345509809 | C78: PLANT BURGERS 300G SOLVANE | D78: Plant-based burgers, 300g | E78: Solvane | F78: Plant-Based | G78: Meat Alternatives | H78: yes | I78: Plant-based core | J78: A | K78: All ingredients on one side | L78: 15.5 | M78: Median of the family | N78: 15.5 | O78: 0 | P78: yes | Q78: whole | R78: FG1 | S78: alternative products | T78: plant | W78: 1 | X78: 0.3 | Y78: label | Z78: 10745 | AA78: =IF(H78="yes",Z78*X78,0) | AB78: =IF(H78="yes",AA78*N(L78)/100,0) | AC78: =IF(H78="yes",AA78*N(N78)/100,0) | AD78: =IF(H78="yes",AA78*N(O78)/100,0) | AE78: =IF(P78="yes",AA78/1000,0) | AF78: =IF(R78="FG2",AE78*W78,AE78)
A79: HM00077 | B79: 0012345066061 | C79: EGG TAGLIATELLE 250G ORVALIS | D79: Egg tagliatelle, 250g | E79: Orvalis | F79: Grocery | G79: Fresh Pasta | H79: yes | I79: Animal & plant composite | J79: A | K79: Ingredient list | L79: 13.2 | M79: Declared by the retailer | N79: 10.3 | O79: 2.9 | P79: yes | Q79: composite | U79: vegetarian | W79: 1 | X79: 0.25 | Y79: declared | Z79: 25264 | AA79: =IF(H79="yes",Z79*X79,0) | AB79: =IF(H79="yes",AA79*N(L79)/100,0) | AC79: =IF(H79="yes",AA79*N(N79)/100,0) | AD79: =IF(H79="yes",AA79*N(O79)/100,0) | AE79: =IF(P79="yes",AA79/1000,0) | AF79: =IF(R79="FG2",AE79*W79,AE79)
A80: HM00078 | B80: 4012345463101 | C80: HM COLA 6X330ML | D80: Cola, 6x330ml | E80: Harbour Market | F80: Soft Drinks & Water | G80: Soft Drinks | H80: yes | I80: Plant-based non-core | J80: A | K80: All ingredients on one side | L80: 0 | M80: Open Food Facts, by EAN | N80: 0 | O80: 0 | P80: no | V80: beverage | W80: 1 | X80: 1.98 | Y80: declared | Z80: 48141 | AA80: =IF(H80="yes",Z80*X80,0) | AB80: =IF(H80="yes",AA80*N(L80)/100,0) | AC80: =IF(H80="yes",AA80*N(N80)/100,0) | AD80: =IF(H80="yes",AA80*N(O80)/100,0) | AE80: =IF(P80="yes",AA80/1000,0) | AF80: =IF(R80="FG2",AE80*W80,AE80)
A81: HM00079 | B81: 5012345994147 | C81: HM BLUEBERRIES 1KG | D81: Blueberries, 1kg | E81: Harbour Market | F81: Fruit & Vegetables | G81: Fruit | H81: yes | I81: Plant-based non-core | J81: B | K81: Follows the class | L81: 0.73 | M81: Declared by the retailer | N81: 0.73 | O81: 0 | P81: yes | Q81: whole | R81: FG4 | T81: plant | W81: 1 | X81: 1 | Y81: declared | Z81: 24460 | AA81: =IF(H81="yes",Z81*X81,0) | AB81: =IF(H81="yes",AA81*N(L81)/100,0) | AC81: =IF(H81="yes",AA81*N(N81)/100,0) | AD81: =IF(H81="yes",AA81*N(O81)/100,0) | AE81: =IF(P81="yes",AA81/1000,0) | AF81: =IF(R81="FG2",AE81*W81,AE81)
A82: HM00080 | B82: 3012345055895 | C82: PIRI PIRI CHKN THIGH 400G TARROW | D82: Piri-piri marinated chicken thighs, 400g | E82: Tarrow Farm | F82: Fresh Meat & Poultry | G82: BBQ & Marinated | H82: yes | I82: Animal core | J82: B | K82: First ingredient (step 4a) | L82: 15 | M82: Declared by the retailer | N82: 0 | O82: 15 | P82: yes | Q82: whole | R82: FG1 | S82: poultry | T82: animal | W82: 1 | X82: 0.4 | Y82: declared | Z82: 9757 | AA82: =IF(H82="yes",Z82*X82,0) | AB82: =IF(H82="yes",AA82*N(L82)/100,0) | AC82: =IF(H82="yes",AA82*N(N82)/100,0) | AD82: =IF(H82="yes",AA82*N(O82)/100,0) | AE82: =IF(P82="yes",AA82/1000,0) | AF82: =IF(R82="FG2",AE82*W82,AE82)
A83: HM00081 | B83: 4012345601268 | C83: HM BF SIRLOIN STK 250G | D83: Beef sirloin steak, 250g | E83: Harbour Market | F83: Fresh Meat & Poultry | G83: Beef | H83: yes | I83: Animal core | J83: B | K83: Follows the class | L83: 21.1 | M83: Declared by the retailer | N83: 0 | O83: 21.1 | P83: yes | Q83: whole | R83: FG1 | S83: red meat | T83: animal | W83: 1 | X83: 0.25 | Y83: declared | Z83: 25624 | AA83: =IF(H83="yes",Z83*X83,0) | AB83: =IF(H83="yes",AA83*N(L83)/100,0) | AC83: =IF(H83="yes",AA83*N(N83)/100,0) | AD83: =IF(H83="yes",AA83*N(O83)/100,0) | AE83: =IF(P83="yes",AA83/1000,0) | AF83: =IF(R83="FG2",AE83*W83,AE83)
A84: HM00082 | B84: 8712345920562 | C84: FJELDA WHOLE MILK 500ML | D84: Whole milk, 500ml | E84: Fjelda | F84: Dairy & Eggs | G84: Milk | H84: yes | I84: Animal core | J84: A | K84: All ingredients on one side | L84: 3.4 | M84: Declared by the retailer | N84: 0 | O84: 3.4 | P84: yes | Q84: whole | R84: FG2 | S84: dairy | T84: animal | W84: 1 | X84: 0.515 | Y84: declared | Z84: 83302 | AA84: =IF(H84="yes",Z84*X84,0) | AB84: =IF(H84="yes",AA84*N(L84)/100,0) | AC84: =IF(H84="yes",AA84*N(N84)/100,0) | AD84: =IF(H84="yes",AA84*N(O84)/100,0) | AE84: =IF(P84="yes",AA84/1000,0) | AF84: =IF(R84="FG2",AE84*W84,AE84)
A85: HM00083 | B85: 4012345059229 | C85: HM STRAWBERRIES 1KG | D85: Strawberries, 1kg | E85: Harbour Market | F85: Fruit & Vegetables | G85: Fruit | H85: yes | I85: Plant-based non-core | J85: B | K85: Follows the class | L85: 0.74 | M85: Median of the family | N85: 0.74 | O85: 0 | P85: yes | Q85: whole | R85: FG4 | T85: plant | W85: 1 | X85: 1 | Y85: declared | Z85: 137110 | AA85: =IF(H85="yes",Z85*X85,0) | AB85: =IF(H85="yes",AA85*N(L85)/100,0) | AC85: =IF(H85="yes",AA85*N(N85)/100,0) | AD85: =IF(H85="yes",AA85*N(O85)/100,0) | AE85: =IF(P85="yes",AA85/1000,0) | AF85: =IF(R85="FG2",AE85*W85,AE85)
A86: HM00084 | B86: 0012345047107 | C86: CHOC RICE POPS 500G ORVALIS | D86: Chocolate rice pops, 500g | E86: Orvalis | F86: Breakfast & Snacks | G86: Cereals | H86: yes | I86: Plant-based non-core | J86: A | K86: All ingredients on one side | L86: 4.9 | M86: Declared by the retailer | N86: 4.9 | O86: 0 | P86: yes | Q86: whole | R86: FG5 | S86: refined grain | T86: plant | W86: 1 | X86: 0.5 | Y86: declared | Z86: 10756 | AA86: =IF(H86="yes",Z86*X86,0) | AB86: =IF(H86="yes",AA86*N(L86)/100,0) | AC86: =IF(H86="yes",AA86*N(N86)/100,0) | AD86: =IF(H86="yes",AA86*N(O86)/100,0) | AE86: =IF(P86="yes",AA86/1000,0) | AF86: =IF(R86="FG2",AE86*W86,AE86)
A87: HM00085 | B87: 8712345368036 | C87: HM CHOPPED TOMATOES 400G | D87: Chopped tomatoes, 400g | E87: Harbour Market | F87: Grocery | G87: Canned Vegetables | H87: yes | I87: Plant-based non-core | J87: B | K87: Follows the class | L87: 1.1 | M87: Median of the family | N87: 1.1 | O87: 0 | P87: yes | Q87: whole | R87: FG4 | T87: plant | W87: 1 | X87: 0.4 | Y87: declared | Z87: 34840 | AA87: =IF(H87="yes",Z87*X87,0) | AB87: =IF(H87="yes",AA87*N(L87)/100,0) | AC87: =IF(H87="yes",AA87*N(N87)/100,0) | AD87: =IF(H87="yes",AA87*N(O87)/100,0) | AE87: =IF(P87="yes",AA87/1000,0) | AF87: =IF(R87="FG2",AE87*W87,AE87)
A88: HM00086 | B88: 4012345416510 | C88: BRAMBLECOTE SELF RAISING FLOUR 1.5KG | D88: Self-raising flour, 1.5kg | E88: Bramblecote | F88: Grocery | G88: Baking | H88: yes | I88: Plant-based non-core | J88: A | K88: All ingredients on one side | L88: 9.7 | M88: Median of the family | N88: 9.7 | O88: 0 | P88: yes | Q88: whole | R88: FG5 | S88: refined grain | T88: plant | W88: 1 | X88: 1.5 | Y88: declared | Z88: 2940 | AA88: =IF(H88="yes",Z88*X88,0) | AB88: =IF(H88="yes",AA88*N(L88)/100,0) | AC88: =IF(H88="yes",AA88*N(N88)/100,0) | AD88: =IF(H88="yes",AA88*N(O88)/100,0) | AE88: =IF(P88="yes",AA88/1000,0) | AF88: =IF(R88="FG2",AE88*W88,AE88)
A89: HM00087 | B89: 8712345691684 | C89: ORVALIS BASMATI RICE 1KG | D89: Basmati rice, 1kg | E89: Orvalis | F89: Grocery | G89: Rice & Grains | H89: yes | I89: Plant-based non-core | J89: A | K89: All ingredients on one side | L89: 7.4 | M89: Declared by the retailer | N89: 7.4 | O89: 0 | P89: yes | Q89: whole | R89: FG5 | S89: refined grain | T89: plant | W89: 1 | X89: 1 | Y89: declared | Z89: 47208 | AA89: =IF(H89="yes",Z89*X89,0) | AB89: =IF(H89="yes",AA89*N(L89)/100,0) | AC89: =IF(H89="yes",AA89*N(N89)/100,0) | AD89: =IF(H89="yes",AA89*N(O89)/100,0) | AE89: =IF(P89="yes",AA89/1000,0) | AF89: =IF(R89="FG2",AE89*W89,AE89)
A90: HM00088 | B90: 4012345547153 | C90: HM APPLE CIDER 4X440ML | D90: Apple cider, 4x440ml | E90: Harbour Market | F90: Beer, Wine & Spirits | G90: Beer & Cider | H90: yes | I90: Plant-based non-core | J90: B | K90: Follows the class | L90: 0 | M90: Declared by the retailer | N90: 0 | O90: 0 | P90: no | V90: alcohol | W90: 1 | X90: 1.76 | Y90: declared | Z90: 13789 | AA90: =IF(H90="yes",Z90*X90,0) | AB90: =IF(H90="yes",AA90*N(L90)/100,0) | AC90: =IF(H90="yes",AA90*N(N90)/100,0) | AD90: =IF(H90="yes",AA90*N(O90)/100,0) | AE90: =IF(P90="yes",AA90/1000,0) | AF90: =IF(R90="FG2",AE90*W90,AE90)
A91: HM00089 | B91: 8712345531966 | C91: HM CONFERENCE PEARS 500G | D91: Conference pears, 500g | E91: Harbour Market | F91: Fruit & Vegetables | G91: Fruit | H91: yes | I91: Plant-based non-core | J91: B | K91: Follows the class | L91: 0.39 | M91: Altera reference base | N91: 0.39 | O91: 0 | P91: yes | Q91: whole | R91: FG4 | T91: plant | W91: 1 | X91: 0.5 | Y91: declared | Z91: 98649 | AA91: =IF(H91="yes",Z91*X91,0) | AB91: =IF(H91="yes",AA91*N(L91)/100,0) | AC91: =IF(H91="yes",AA91*N(N91)/100,0) | AD91: =IF(H91="yes",AA91*N(O91)/100,0) | AE91: =IF(P91="yes",AA91/1000,0) | AF91: =IF(R91="FG2",AE91*W91,AE91)
A92: HM00090 | B92: 3012345835619 | C92: COFFEE BEANS 227G VELOCE | D92: Whole coffee beans, 227g | E92: Veloce | F92: Grocery | G92: Tea & Coffee | H92: yes | I92: Plant-based non-core | J92: A | K92: All ingredients on one side | L92: 13 | M92: Name match (CIQUAL / NEVO) | N92: 13 | O92: 0 | P92: no | V92: coffee tea | W92: 1 | X92: 0.227 | Y92: declared | Z92: 9849 | AA92: =IF(H92="yes",Z92*X92,0) | AB92: =IF(H92="yes",AA92*N(L92)/100,0) | AC92: =IF(H92="yes",AA92*N(N92)/100,0) | AD92: =IF(H92="yes",AA92*N(O92)/100,0) | AE92: =IF(P92="yes",AA92/1000,0) | AF92: =IF(R92="FG2",AE92*W92,AE92)
A93: HM00091 | B93: 5012345712765 | C93: RED LEICESTER 800G ALDERWICK | D93: Red Leicester, 800g | E93: Alderwick | F93: Cheese | G93: Hard Cheese | H93: yes | I93: Animal core | J93: B | K93: Follows the class | L93: 23.7 | M93: Declared by the retailer | N93: 0 | O93: 23.7 | P93: yes | Q93: whole | R93: FG2 | S93: dairy | T93: animal | W93: 10 | X93: 0.8 | Y93: declared | Z93: 11783 | AA93: =IF(H93="yes",Z93*X93,0) | AB93: =IF(H93="yes",AA93*N(L93)/100,0) | AC93: =IF(H93="yes",AA93*N(N93)/100,0) | AD93: =IF(H93="yes",AA93*N(O93)/100,0) | AE93: =IF(P93="yes",AA93/1000,0) | AF93: =IF(R93="FG2",AE93*W93,AE93)
A94: HM00092 | B94: 8712345470241 | C94: FJELDA SKMD MILK 1L | D94: Skimmed milk, 1l | E94: Fjelda | F94: Dairy & Eggs | G94: Milk | H94: yes | I94: Animal core | J94: A | K94: All ingredients on one side | L94: 3.5 | M94: Declared by the retailer | N94: 0 | O94: 3.5 | P94: yes | Q94: whole | R94: FG2 | S94: dairy | T94: animal | W94: 1 | X94: 1.03 | Y94: declared | Z94: 100518 | AA94: =IF(H94="yes",Z94*X94,0) | AB94: =IF(H94="yes",AA94*N(L94)/100,0) | AC94: =IF(H94="yes",AA94*N(N94)/100,0) | AD94: =IF(H94="yes",AA94*N(O94)/100,0) | AE94: =IF(P94="yes",AA94/1000,0) | AF94: =IF(R94="FG2",AE94*W94,AE94)
A95: HM00093 | B95: 3012345684590 | C95: SOLVANE SMKD TOFU 280G | D95: Smoked tofu, 280g | E95: Solvane | F95: Plant-Based | G95: Tofu & Tempeh | H95: yes | I95: Plant-based core | J95: A | K95: All ingredients on one side | L95: 13 | M95: Declared by the retailer | N95: 13 | O95: 0 | P95: yes | Q95: whole | R95: FG1 | S95: tofu tempeh seitan | T95: plant | W95: 1 | X95: 0.28 | Y95: declared | Z95: 25322 | AA95: =IF(H95="yes",Z95*X95,0) | AB95: =IF(H95="yes",AA95*N(L95)/100,0) | AC95: =IF(H95="yes",AA95*N(N95)/100,0) | AD95: =IF(H95="yes",AA95*N(O95)/100,0) | AE95: =IF(P95="yes",AA95/1000,0) | AF95: =IF(R95="FG2",AE95*W95,AE95)
A96: HM00094 | B96: 4012345192483 | C96: SUNFLOWER SEEDS 150G PENROCK | D96: Sunflower seeds, 150g | E96: Penrock | F96: Grocery | G96: Nuts & Seeds | H96: yes | I96: Plant-based core | J96: A | K96: All ingredients on one side | L96: 21.9 | M96: Declared by the retailer | N96: 21.9 | O96: 0 | P96: yes | Q96: whole | R96: FG1 | S96: seeds | T96: plant | W96: 1 | X96: 0.15 | Y96: declared | Z96: 23325 | AA96: =IF(H96="yes",Z96*X96,0) | AB96: =IF(H96="yes",AA96*N(L96)/100,0) | AC96: =IF(H96="yes",AA96*N(N96)/100,0) | AD96: =IF(H96="yes",AA96*N(O96)/100,0) | AE96: =IF(P96="yes",AA96/1000,0) | AF96: =IF(R96="FG2",AE96*W96,AE96)
A97: HM00095 | B97: 8712345253837 | C97: HM TKY MINCE 300G | D97: Turkey mince, 300g | E97: Harbour Market | F97: Fresh Meat & Poultry | G97: Turkey & Lamb | H97: yes | I97: Animal core | J97: B | K97: Follows the class | L97: 21.4 | M97: Declared by the retailer | N97: 0 | O97: 21.4 | P97: yes | Q97: whole | R97: FG1 | S97: poultry | T97: animal | W97: 1 | X97: 0.3 | Y97: declared | Z97: 9551 | AA97: =IF(H97="yes",Z97*X97,0) | AB97: =IF(H97="yes",AA97*N(L97)/100,0) | AC97: =IF(H97="yes",AA97*N(N97)/100,0) | AD97: =IF(H97="yes",AA97*N(O97)/100,0) | AE97: =IF(P97="yes",AA97/1000,0) | AF97: =IF(R97="FG2",AE97*W97,AE97)
A98: HM00096 | B98: 5012345362823 | C98: HM SMOOTH PEANUT BTR 1KG | D98: Smooth peanut butter, 1kg | E98: Harbour Market | F98: Grocery | G98: Spreads | H98: yes | I98: Plant-based core | J98: B | K98: Follows the class | L98: 25.8 | M98: Name match (CIQUAL / NEVO) | N98: 25.8 | O98: 0 | P98: yes | Q98: whole | R98: FG1 | S98: nuts | T98: plant | W98: 1 | X98: 1 | Y98: declared | Z98: 3606 | AA98: =IF(H98="yes",Z98*X98,0) | AB98: =IF(H98="yes",AA98*N(L98)/100,0) | AC98: =IF(H98="yes",AA98*N(N98)/100,0) | AD98: =IF(H98="yes",AA98*N(O98)/100,0) | AE98: =IF(P98="yes",AA98/1000,0) | AF98: =IF(R98="FG2",AE98*W98,AE98)
A99: HM00097 | B99: 8712345157722 | C99: TARROW CHKN DRUMSTICKS 1KG | D99: Chicken drumsticks, 1kg | E99: Tarrow Farm | F99: Fresh Meat & Poultry | G99: Poultry | H99: yes | I99: Animal core | J99: A | K99: All ingredients on one side | L99: 19.8 | M99: Altera reference base | N99: 0 | O99: 19.8 | P99: yes | Q99: whole | R99: FG1 | S99: poultry | T99: animal | W99: 1 | X99: 1 | Y99: declared | Z99: 21565 | AA99: =IF(H99="yes",Z99*X99,0) | AB99: =IF(H99="yes",AA99*N(L99)/100,0) | AC99: =IF(H99="yes",AA99*N(N99)/100,0) | AD99: =IF(H99="yes",AA99*N(O99)/100,0) | AE99: =IF(P99="yes",AA99/1000,0) | AF99: =IF(R99="FG2",AE99*W99,AE99)
A100: HM00098 | B100: 8712345050887 | C100: MAYONNAISE 750ML CASTELNA | D100: Mayonnaise, 750ml | E100: Castelna | F100: Grocery | G100: Condiments | H100: yes | I100: Animal core | J100: A | K100: All ingredients on one side | L100: 1.1 | M100: Declared by the retailer | N100: 0 | O100: 1.1 | P100: no | V100: condiment | W100: 1 | X100: 0.69 | Y100: declared | Z100: 10040 | AA100: =IF(H100="yes",Z100*X100,0) | AB100: =IF(H100="yes",AA100*N(L100)/100,0) | AC100: =IF(H100="yes",AA100*N(N100)/100,0) | AD100: =IF(H100="yes",AA100*N(O100)/100,0) | AE100: =IF(P100="yes",AA100/1000,0) | AF100: =IF(R100="FG2",AE100*W100,AE100)
...

Sheet Protein Tracker
A1: Protein Tracker — plant share of protein sold
A2: FICTITIOUS DATA — demo file. Harbour Market, its brands and every figure are invented.
A4: Indicator | B4: Value
A5: Plant protein sold (t) | B5: =SUM(Products!$AC$3:$AC$802)/1000
A6: Animal protein sold (t) | B6: =SUM(Products!$AD$3:$AD$802)/1000
A7: Total protein sold (t) | B7: =SUM(Products!$AB$3:$AB$802)/1000
A8: Protein ratio — plant share | B8: =IFERROR(B5/B7,0)
A9: Protein measured at level A | B9: =IFERROR(SUMIFS(Products!$AB$3:$AB$802,Products!$J$3:$J$802,"A")/1000/B7,0)
A10: Check: plant + animal = total | B10: =IF(ABS(B5+B6-B7)<0.001,"OK","ERROR")
A13: PT class | B13: Protein (t) | C13: Share of protein
A14: Animal core | B14: =SUMIFS(Products!$AB$3:$AB$802,Products!$I$3:$I$802,A14)/1000 | C14: =IFERROR(B14/$B$7,0)
A15: Animal & plant composite | B15: =SUMIFS(Products!$AB$3:$AB$802,Products!$I$3:$I$802,A15)/1000 | C15: =IFERROR(B15/$B$7,0)
A16: Plant-based non-core | B16: =SUMIFS(Products!$AB$3:$AB$802,Products!$I$3:$I$802,A16)/1000 | C16: =IFERROR(B16/$B$7,0)
A17: Plant-based core | B17: =SUMIFS(Products!$AB$3:$AB$802,Products!$I$3:$I$802,A17)/1000 | C17: =IFERROR(B17/$B$7,0)
A18: Total | B18: =SUM(B14:B17) | C18: =IF(ABS(B18-B7)<0.001,"covers all classes","ERROR: a class is missing")
A20: Department | B20: Plant protein (t) | C20: Total protein (t) | D20: Plant share
A21: Bakery | B21: =SUMIFS(Products!$AC$3:$AC$802,Products!$F$3:$F$802,A21)/1000 | C21: =SUMIFS(Products!$AB$3:$AB$802,Products!$F$3:$F$802,A21)/1000 | D21: =IFERROR(B21/C21,0)
A22: Beer, Wine & Spirits | B22: =SUMIFS(Products!$AC$3:$AC$802,Products!$F$3:$F$802,A22)/1000 | C22: =SUMIFS(Products!$AB$3:$AB$802,Products!$F$3:$F$802,A22)/1000 | D22: =IFERROR(B22/C22,0)
A23: Breakfast & Snacks | B23: =SUMIFS(Products!$AC$3:$AC$802,Products!$F$3:$F$802,A23)/1000 | C23: =SUMIFS(Products!$AB$3:$AB$802,Products!$F$3:$F$802,A23)/1000 | D23: =IFERROR(B23/C23,0)
A24: Cheese | B24: =SUMIFS(Products!$AC$3:$AC$802,Products!$F$3:$F$802,A24)/1000 | C24: =SUMIFS(Products!$AB$3:$AB$802,Products!$F$3:$F$802,A24)/1000 | D24: =IFERROR(B24/C24,0)
A25: Dairy & Eggs | B25: =SUMIFS(Products!$AC$3:$AC$802,Products!$F$3:$F$802,A25)/1000 | C25: =SUMIFS(Products!$AB$3:$AB$802,Products!$F$3:$F$802,A25)/1000 | D25: =IFERROR(B25/C25,0)
A26: Deli | B26: =SUMIFS(Products!$AC$3:$AC$802,Products!$F$3:$F$802,A26)/1000 | C26: =SUMIFS(Products!$AB$3:$AB$802,Products!$F$3:$F$802,A26)/1000 | D26: =IFERROR(B26/C26,0)
A27: Fish & Seafood | B27: =SUMIFS(Products!$AC$3:$AC$802,Products!$F$3:$F$802,A27)/1000 | C27: =SUMIFS(Products!$AB$3:$AB$802,Products!$F$3:$F$802,A27)/1000 | D27: =IFERROR(B27/C27,0)
A28: Fresh Meat & Poultry | B28: =SUMIFS(Products!$AC$3:$AC$802,Products!$F$3:$F$802,A28)/1000 | C28: =SUMIFS(Products!$AB$3:$AB$802,Products!$F$3:$F$802,A28)/1000 | D28: =IFERROR(B28/C28,0)
A29: Frozen | B29: =SUMIFS(Products!$AC$3:$AC$802,Products!$F$3:$F$802,A29)/1000 | C29: =SUMIFS(Products!$AB$3:$AB$802,Products!$F$3:$F$802,A29)/1000 | D29: =IFERROR(B29/C29,0)
A30: Fruit & Vegetables | B30: =SUMIFS(Products!$AC$3:$AC$802,Products!$F$3:$F$802,A30)/1000 | C30: =SUMIFS(Products!$AB$3:$AB$802,Products!$F$3:$F$802,A30)/1000 | D30: =IFERROR(B30/C30,0)
A31: Grocery | B31: =SUMIFS(Products!$AC$3:$AC$802,Products!$F$3:$F$802,A31)/1000 | C31: =SUMIFS(Products!$AB$3:$AB$802,Products!$F$3:$F$802,A31)/1000 | D31: =IFERROR(B31/C31,0)
A32: Plant-Based | B32: =SUMIFS(Products!$AC$3:$AC$802,Products!$F$3:$F$802,A32)/1000 | C32: =SUMIFS(Products!$AB$3:$AB$802,Products!$F$3:$F$802,A32)/1000 | D32: =IFERROR(B32/C32,0)
... A34: Soft Drinks & Water | B34: =SUMIFS(Products!$AC$3:$AC$802,Products!$F$3:$F$802,A34)/1000 | C34: =SUMIFS(Products!$AB$3:$AB$802,Products!$F$3:$F$802,A34)/1000 | D34: =IFERROR(B34/C34,0)
A35: Total | C35: =SUM(C21:C34) | D35: =IF(ABS(C35-B7)<0.001,"covers all departments","ERROR: a department is missing")

Sheet WWF
A1: WWF Planet-Based Diets — tonnes of product
A2: FICTITIOUS DATA — demo file. Harbour Market, its brands and every figure are invented.
A4: Indicator | B4: Tonnes | C4: Share
A5: Whole products | B5: =SUMIFS(Products!$AE$3:$AE$802,Products!$Q$3:$Q$802,"whole") | C5: =IFERROR(B5/B7,0)
A6: Composite products | B6: =SUMIFS(Products!$AE$3:$AE$802,Products!$Q$3:$Q$802,"composite") | C6: =IFERROR(B6/B7,0)
A7: Total in WWF scope | B7: =B5+B6
A8: Outside the WWF scope (Appendix A) | B8: =SUMIFS(Products!$AA$3:$AA$802,Products!$H$3:$H$802,"yes",Products!$P$3:$P$802,"no")/1000
A10: Food group (whole products) | B10: Plant (t) | C10: Animal (t) | D10: Total (t) | E10: Plant share
A11: FG1 Protein-rich foods | B11: =SUMIFS(Products!$AF$3:$AF$802,Products!$Q$3:$Q$802,"whole",Products!$R$3:$R$802,F11,Products!$T$3:$T$802,"plant") | C11: =SUMIFS(Products!$AF$3:$AF$802,Products!$Q$3:$Q$802,"whole",Products!$R$3:$R$802,F11,Products!$T$3:$T$802,"animal") | D11: =B11+C11 | E11: =IFERROR(B11/D11,0) | F11: FG1
A12: FG2 Dairy & alternatives | B12: =SUMIFS(Products!$AF$3:$AF$802,Products!$Q$3:$Q$802,"whole",Products!$R$3:$R$802,F12,Products!$T$3:$T$802,"plant") | C12: =SUMIFS(Products!$AF$3:$AF$802,Products!$Q$3:$Q$802,"whole",Products!$R$3:$R$802,F12,Products!$T$3:$T$802,"animal") | D12: =B12+C12 | E12: =IFERROR(B12/D12,0) | F12: FG2
A13: FG3 Fats & oils | B13: =SUMIFS(Products!$AF$3:$AF$802,Products!$Q$3:$Q$802,"whole",Products!$R$3:$R$802,F13,Products!$T$3:$T$802,"plant") | C13: =SUMIFS(Products!$AF$3:$AF$802,Products!$Q$3:$Q$802,"whole",Products!$R$3:$R$802,F13,Products!$T$3:$T$802,"animal") | D13: =B13+C13 | E13: =IFERROR(B13/D13,0) | F13: FG3
A14: FG4 Fruit & vegetables | B14: =SUMIFS(Products!$AF$3:$AF$802,Products!$Q$3:$Q$802,"whole",Products!$R$3:$R$802,F14,Products!$T$3:$T$802,"plant") | C14: =SUMIFS(Products!$AF$3:$AF$802,Products!$Q$3:$Q$802,"whole",Products!$R$3:$R$802,F14,Products!$T$3:$T$802,"animal") | D14: =B14+C14 | E14: =IFERROR(B14/D14,0) | F14: FG4
A15: FG5 Grains & cereals | B15: =SUMIFS(Products!$AF$3:$AF$802,Products!$Q$3:$Q$802,"whole",Products!$R$3:$R$802,F15,Products!$T$3:$T$802,"plant") | C15: =SUMIFS(Products!$AF$3:$AF$802,Products!$Q$3:$Q$802,"whole",Products!$R$3:$R$802,F15,Products!$T$3:$T$802,"animal") | D15: =B15+C15 | E15: =IFERROR(B15/D15,0) | F15: FG5
A16: FG6 Tubers & starchy vegetables | B16: =SUMIFS(Products!$AF$3:$AF$802,Products!$Q$3:$Q$802,"whole",Products!$R$3:$R$802,F16,Products!$T$3:$T$802,"plant") | C16: =SUMIFS(Products!$AF$3:$AF$802,Products!$Q$3:$Q$802,"whole",Products!$R$3:$R$802,F16,Products!$T$3:$T$802,"animal") | D16: =B16+C16 | E16: =IFERROR(B16/D16,0) | F16: FG6
A17: FG7 Snacks high in fat, salt & sugar | B17: =SUMIFS(Products!$AF$3:$AF$802,Products!$Q$3:$Q$802,"whole",Products!$R$3:$R$802,F17,Products!$T$3:$T$802,"plant") | C17: =SUMIFS(Products!$AF$3:$AF$802,Products!$Q$3:$Q$802,"whole",Products!$R$3:$R$802,F17,Products!$T$3:$T$802,"animal") | D17: =B17+C17 | E17: =IFERROR(B17/D17,0) | F17: FG7
A18: FG2 in dairy equivalents: hard and soft cheese count x10.
A20: Plant share, FG1 + FG2 (mandatory split) | B20: =IFERROR((B11+B12)/(D11+D12),0)
A22: Composite category | B22: Tonnes | C22: Share of composites
A23: meat-based | B23: =SUMIFS(Products!$AE$3:$AE$802,Products!$Q$3:$Q$802,"composite",Products!$U$3:$U$802,A23) | C23: =IFERROR(B23/$B$6,0)
A24: seafood-based | B24: =SUMIFS(Products!$AE$3:$AE$802,Products!$Q$3:$Q$802,"composite",Products!$U$3:$U$802,A24) | C24: =IFERROR(B24/$B$6,0)
A25: vegetarian | B25: =SUMIFS(Products!$AE$3:$AE$802,Products!$Q$3:$Q$802,"composite",Products!$U$3:$U$802,A25) | C25: =IFERROR(B25/$B$6,0)
A26: vegan | B26: =SUMIFS(Products!$AE$3:$AE$802,Products!$Q$3:$Q$802,"composite",Products!$U$3:$U$802,A26) | C26: =IFERROR(B26/$B$6,0)
